,longitude,latitude,Date,Temperature,station_name,EnergyConsumption,DayNumber,WeekNumber,MonthNumber,MonthName,month,month_year,v1,v2
1970-01-01 00:00:00.000000744,-66.610000,45.920000,2023-01-01 00:00:00,1.30,FREDERICTON CDA CS,440.29999999999995,1.0,1.0,1.0,January,January,January 2023,,
1970-01-01 00:00:00.000000745,-66.610000,45.920000,2023-01-01 01:00:00,1.80,FREDERICTON CDA CS,590.45,1.0,1.0,1.0,January,January,January 2023,,
1970-01-01 00:00:00.000000746,-66.610000,45.920000,2023-01-01 02:00:00,1.30,FREDERICTON CDA CS,588.03,1.0,1.0,1.0,January,January,January 2023,,
1970-01-01 00:00:00.000000747,-66.610000,45.920000,2023-01-01 03:00:00,1.60,FREDERICTON CDA CS,583.23,1.0,1.0,1.0,January,January,January 2023,,
1970-01-01 00:00:00.000000748,-66.610000,45.920000,2023-01-01 04:00:00,1.80,FREDERICTON CDA CS,589.0,1.0,1.0,1.0,January,January,January 2023,,
1970-01-01 00:00:00.000000749,-66.610000,45.920000,2023-01-01 05:00:00,1.60,FREDERICTON CDA CS,589.48,1.0,1.0,1.0,January,January,January 2023,,
1970-01-01 00:00:00.000000750,-66.610000,45.920000,2023-01-01 06:00:00,2.00,FREDERICTON CDA CS,585.15,1.0,1.0,1.0,January,January,January 2023,,
1970-01-01 00:00:00.000000751,-66.610000,45.920000,2023-01-01 07:00:00,2.30,FREDERICTON CDA CS,588.52,1.0,1.0,1.0,January,January,January 2023,,
1970-01-01 00:00:00.000000752,-66.610000,45.920000,2023-01-01 08:00:00,2.70,FREDERICTON CDA CS,591.89,1.0,1.0,1.0,January,January,January 2023,,
1970-01-01 00:00:00.000000753,-66.610000,45.920000,2023-01-01 09:00:00,2.90,FREDERICTON CDA CS,590.93,1.0,1.0,1.0,January,January,January 2023,,
1970-01-01 00:00:00.000000754,-66.610000,45.920000,2023-01-01 10:00:00,3.60,FREDERICTON CDA CS,658.3,1.0,1.0,1.0,January,January,January 2023,,
1970-01-01 00:00:00.000000755,-66.610000,45.920000,2023-01-01 11:00:00,3.80,FREDERICTON CDA CS,835.37,1.0,1.0,1.0,January,January,January 2023,,
1970-01-01 00:00:00.000000756,-66.610000,45.920000,2023-01-01 12:00:00,3.70,FREDERICTON CDA CS,841.63,1.0,1.0,1.0,January,January,January 2023,,
1970-01-01 00:00:00.000000757,-66.610000,45.920000,2023-01-01 13:00:00,3.50,FREDERICTON CDA CS,834.9,1.0,1.0,1.0,January,January,January 2023,,
1970-01-01 00:00:00.000000758,-66.610000,45.920000,2023-01-01 14:00:00,2.70,FREDERICTON CDA CS,838.27,1.0,1.0,1.0,January,January,January 2023,,
1970-01-01 00:00:00.000000759,-66.610000,45.920000,2023-01-01 15:00:00,1.60,FREDERICTON CDA CS,841.63,1.0,1.0,1.0,January,January,January 2023,,
1970-01-01 00:00:00.000000760,-66.610000,45.920000,2023-01-01 16:00:00,1.70,FREDERICTON CDA CS,842.11,1.0,1.0,1.0,January,January,January 2023,,
1970-01-01 00:00:00.000000761,-66.610000,45.920000,2023-01-01 17:00:00,1.80,FREDERICTON CDA CS,840.19,1.0,1.0,1.0,January,January,January 2023,,
1970-01-01 00:00:00.000000762,-66.610000,45.920000,2023-01-01 18:00:00,2.50,FREDERICTON CDA CS,832.02,1.0,1.0,1.0,January,January,January 2023,,
1970-01-01 00:00:00.000000763,-66.610000,45.920000,2023-01-01 19:00:00,1.80,FREDERICTON CDA CS,839.71,1.0,1.0,1.0,January,January,January 2023,,
1970-01-01 00:00:00.000000764,-66.610000,45.920000,2023-01-01 20:00:00,1.70,FREDERICTON CDA CS,844.04,1.0,1.0,1.0,January,January,January 2023,,
1970-01-01 00:00:00.000000765,-66.610000,45.920000,2023-01-01 21:00:00,1.60,FREDERICTON CDA CS,836.34,1.0,1.0,1.0,January,January,January 2023,,
1970-01-01 00:00:00.000000766,-66.610000,45.920000,2023-01-01 22:00:00,1.10,FREDERICTON CDA CS,844.52,1.0,1.0,1.0,January,January,January 2023,,
1970-01-01 00:00:00.000000767,-66.610000,45.920000,2023-01-01 23:00:00,1.20,FREDERICTON CDA CS,845.0,1.0,1.0,1.0,January,January,January 2023,,
1970-01-01 00:00:00.000000768,-66.610000,45.920000,2023-01-02 00:00:00,1.20,FREDERICTON CDA CS,726.1400000000001,2.0,2.0,1.0,January,January,January 2023,,
1970-01-01 00:00:00.000000769,-66.610000,45.920000,2023-01-02 01:00:00,1.00,FREDERICTON CDA CS,595.74,2.0,2.0,1.0,January,January,January 2023,,
1970-01-01 00:00:00.000000770,-66.610000,45.920000,2023-01-02 02:00:00,0.90,FREDERICTON CDA CS,599.1,2.0,2.0,1.0,January,January,January 2023,,
1970-01-01 00:00:00.000000771,-66.610000,45.920000,2023-01-02 03:00:00,0.90,FREDERICTON CDA CS,595.25,2.0,2.0,1.0,January,January,January 2023,,
1970-01-01 00:00:00.000000772,-66.610000,45.920000,2023-01-02 04:00:00,1.00,FREDERICTON CDA CS,594.78,2.0,2.0,1.0,January,January,January 2023,,
1970-01-01 00:00:00.000000773,-66.610000,45.920000,2023-01-02 05:00:00,1.00,FREDERICTON CDA CS,595.27,2.0,2.0,1.0,January,January,January 2023,,
1970-01-01 00:00:00.000000774,-66.610000,45.920000,2023-01-02 06:00:00,-0.10,FREDERICTON CDA CS,593.3299999999999,2.0,2.0,1.0,January,January,January 2023,,
1970-01-01 00:00:00.000000775,-66.610000,45.920000,2023-01-02 07:00:00,-0.90,FREDERICTON CDA CS,588.0500000000001,2.0,2.0,1.0,January,January,January 2023,,
1970-01-01 00:00:00.000000776,-66.610000,45.920000,2023-01-02 08:00:00,-1.50,FREDERICTON CDA CS,592.86,2.0,2.0,1.0,January,January,January 2023,,
1970-01-01 00:00:00.000000777,-66.610000,45.920000,2023-01-02 09:00:00,-1.70,FREDERICTON CDA CS,595.75,2.0,2.0,1.0,January,January,January 2023,,
1970-01-01 00:00:00.000000778,-66.610000,45.920000,2023-01-02 10:00:00,-1.30,FREDERICTON CDA CS,590.45,2.0,2.0,1.0,January,January,January 2023,,
1970-01-01 00:00:00.000000779,-66.610000,45.920000,2023-01-02 11:00:00,-0.80,FREDERICTON CDA CS,591.4200000000001,2.0,2.0,1.0,January,January,January 2023,,
1970-01-01 00:00:00.000000780,-66.610000,45.920000,2023-01-02 12:00:00,-0.40,FREDERICTON CDA CS,597.19,2.0,2.0,1.0,January,January,January 2023,,
1970-01-01 00:00:00.000000781,-66.610000,45.920000,2023-01-02 13:00:00,-0.20,FREDERICTON CDA CS,591.89,2.0,2.0,1.0,January,January,January 2023,,
1970-01-01 00:00:00.000000782,-66.610000,45.920000,2023-01-02 14:00:00,0.00,FREDERICTON CDA CS,592.86,2.0,2.0,1.0,January,January,January 2023,,
1970-01-01 00:00:00.000000783,-66.610000,45.920000,2023-01-02 15:00:00,0.10,FREDERICTON CDA CS,590.9300000000001,2.0,2.0,1.0,January,January,January 2023,,
1970-01-01 00:00:00.000000784,-66.610000,45.920000,2023-01-02 16:00:00,0.00,FREDERICTON CDA CS,597.1800000000001,2.0,2.0,1.0,January,January,January 2023,,
1970-01-01 00:00:00.000000785,-66.610000,45.920000,2023-01-02 17:00:00,-0.10,FREDERICTON CDA CS,600.0699999999999,2.0,2.0,1.0,January,January,January 2023,,
1970-01-01 00:00:00.000000786,-66.610000,45.920000,2023-01-02 18:00:00,-0.50,FREDERICTON CDA CS,591.9,2.0,2.0,1.0,January,January,January 2023,,
1970-01-01 00:00:00.000000787,-66.610000,45.920000,2023-01-02 19:00:00,-1.30,FREDERICTON CDA CS,600.55,2.0,2.0,1.0,January,January,January 2023,,
1970-01-01 00:00:00.000000788,-66.610000,45.920000,2023-01-02 20:00:00,-0.90,FREDERICTON CDA CS,600.0699999999999,2.0,2.0,1.0,January,January,January 2023,,
1970-01-01 00:00:00.000000789,-66.610000,45.920000,2023-01-02 21:00:00,-0.90,FREDERICTON CDA CS,591.4200000000001,2.0,2.0,1.0,January,January,January 2023,,
1970-01-01 00:00:00.000000790,-66.610000,45.920000,2023-01-02 22:00:00,-1.00,FREDERICTON CDA CS,599.1099999999999,2.0,2.0,1.0,January,January,January 2023,,
1970-01-01 00:00:00.000000791,-66.610000,45.920000,2023-01-02 23:00:00,-0.60,FREDERICTON CDA CS,600.0799999999999,2.0,2.0,1.0,January,January,January 2023,,
1970-01-01 00:00:00.000000792,-66.610000,45.920000,2023-01-03 00:00:00,-0.90,FREDERICTON CDA CS,603.92,3.0,2.0,1.0,January,January,January 2023,,
1970-01-01 00:00:00.000000793,-66.610000,45.920000,2023-01-03 01:00:00,-0.90,FREDERICTON CDA CS,599.1,3.0,2.0,1.0,January,January,January 2023,,
1970-01-01 00:00:00.000000794,-66.610000,45.920000,2023-01-03 02:00:00,-0.80,FREDERICTON CDA CS,600.55,3.0,2.0,1.0,January,January,January 2023,,
1970-01-01 00:00:00.000000795,-66.610000,45.920000,2023-01-03 03:00:00,-0.70,FREDERICTON CDA CS,601.99,3.0,2.0,1.0,January,January,January 2023,,
1970-01-01 00:00:00.000000796,-66.610000,45.920000,2023-01-03 04:00:00,-0.50,FREDERICTON CDA CS,600.0699999999999,3.0,2.0,1.0,January,January,January 2023,,
1970-01-01 00:00:00.000000797,-66.610000,45.920000,2023-01-03 05:00:00,-0.50,FREDERICTON CDA CS,380.15999999999997,3.0,2.0,1.0,January,January,January 2023,,
1970-01-01 00:00:00.000000798,-66.610000,45.920000,2023-01-03 06:00:00,-0.90,FREDERICTON CDA CS,835.3800000000001,3.0,2.0,1.0,January,January,January 2023,,
1970-01-01 00:00:00.000000799,-66.610000,45.920000,2023-01-03 07:00:00,-0.90,FREDERICTON CDA CS,1154.91,3.0,2.0,1.0,January,January,January 2023,,
1970-01-01 00:00:00.000000800,-66.610000,45.920000,2023-01-03 08:00:00,-0.80,FREDERICTON CDA CS,1225.64,3.0,2.0,1.0,January,January,January 2023,,
1970-01-01 00:00:00.000000801,-66.610000,45.920000,2023-01-03 09:00:00,-1.00,FREDERICTON CDA CS,1474.44,3.0,2.0,1.0,January,January,January 2023,,
1970-01-01 00:00:00.000000802,-66.610000,45.920000,2023-01-03 10:00:00,-0.10,FREDERICTON CDA CS,1488.8700000000001,3.0,2.0,1.0,January,January,January 2023,,
1970-01-01 00:00:00.000000803,-66.610000,45.920000,2023-01-03 11:00:00,0.40,FREDERICTON CDA CS,1472.99,3.0,2.0,1.0,January,January,January 2023,,
1970-01-01 00:00:00.000000804,-66.610000,45.920000,2023-01-03 12:00:00,1.10,FREDERICTON CDA CS,1455.66,3.0,2.0,1.0,January,January,January 2023,,
1970-01-01 00:00:00.000000805,-66.610000,45.920000,2023-01-03 13:00:00,1.80,FREDERICTON CDA CS,1466.26,3.0,2.0,1.0,January,January,January 2023,,
1970-01-01 00:00:00.000000806,-66.610000,45.920000,2023-01-03 14:00:00,2.60,FREDERICTON CDA CS,1460.97,3.0,2.0,1.0,January,January,January 2023,,
1970-01-01 00:00:00.000000807,-66.610000,45.920000,2023-01-03 15:00:00,2.80,FREDERICTON CDA CS,1444.12,3.0,2.0,1.0,January,January,January 2023,,
1970-01-01 00:00:00.000000808,-66.610000,45.920000,2023-01-03 16:00:00,2.50,FREDERICTON CDA CS,1379.15,3.0,2.0,1.0,January,January,January 2023,,
1970-01-01 00:00:00.000000809,-66.610000,45.920000,2023-01-03 17:00:00,1.80,FREDERICTON CDA CS,1360.87,3.0,2.0,1.0,January,January,January 2023,,
1970-01-01 00:00:00.000000810,-66.610000,45.920000,2023-01-03 18:00:00,1.40,FREDERICTON CDA CS,1344.51,3.0,2.0,1.0,January,January,January 2023,,
1970-01-01 00:00:00.000000811,-66.610000,45.920000,2023-01-03 19:00:00,1.20,FREDERICTON CDA CS,1273.28,3.0,2.0,1.0,January,January,January 2023,,
1970-01-01 00:00:00.000000812,-66.610000,45.920000,2023-01-03 20:00:00,0.40,FREDERICTON CDA CS,1249.22,3.0,2.0,1.0,January,January,January 2023,,
1970-01-01 00:00:00.000000813,-66.610000,45.920000,2023-01-03 21:00:00,0.50,FREDERICTON CDA CS,1056.75,3.0,2.0,1.0,January,January,January 2023,,
1970-01-01 00:00:00.000000814,-66.610000,45.920000,2023-01-03 22:00:00,0.60,FREDERICTON CDA CS,997.54,3.0,2.0,1.0,January,January,January 2023,,
1970-01-01 00:00:00.000000815,-66.610000,45.920000,2023-01-03 23:00:00,0.60,FREDERICTON CDA CS,988.41,3.0,2.0,1.0,January,January,January 2023,,
1970-01-01 00:00:00.000000816,-66.610000,45.920000,2023-01-04 00:00:00,0.20,FREDERICTON CDA CS,938.37,4.0,2.0,1.0,January,January,January 2023,,
1970-01-01 00:00:00.000000817,-66.610000,45.920000,2023-01-04 01:00:00,0.50,FREDERICTON CDA CS,855.59,4.0,2.0,1.0,January,January,January 2023,,
1970-01-01 00:00:00.000000818,-66.610000,45.920000,2023-01-04 02:00:00,0.30,FREDERICTON CDA CS,858.97,4.0,2.0,1.0,January,January,January 2023,,
1970-01-01 00:00:00.000000819,-66.610000,45.920000,2023-01-04 03:00:00,0.20,FREDERICTON CDA CS,857.53,4.0,2.0,1.0,January,January,January 2023,,
1970-01-01 00:00:00.000000820,-66.610000,45.920000,2023-01-04 04:00:00,0.20,FREDERICTON CDA CS,859.9300000000001,4.0,2.0,1.0,January,January,January 2023,,
1970-01-01 00:00:00.000000821,-66.610000,45.920000,2023-01-04 05:00:00,0.40,FREDERICTON CDA CS,883.51,4.0,2.0,1.0,January,January,January 2023,,
1970-01-01 00:00:00.000000822,-66.610000,45.920000,2023-01-04 06:00:00,0.70,FREDERICTON CDA CS,1280.03,4.0,2.0,1.0,January,January,January 2023,,
1970-01-01 00:00:00.000000823,-66.610000,45.920000,2023-01-04 07:00:00,0.50,FREDERICTON CDA CS,1418.6100000000001,4.0,2.0,1.0,January,January,January 2023,,
1970-01-01 00:00:00.000000824,-66.610000,45.920000,2023-01-04 08:00:00,0.50,FREDERICTON CDA CS,1470.58,4.0,2.0,1.0,January,January,January 2023,,
1970-01-01 00:00:00.000000825,-66.610000,45.920000,2023-01-04 09:00:00,0.60,FREDERICTON CDA CS,1525.9299999999998,4.0,2.0,1.0,January,January,January 2023,,
1970-01-01 00:00:00.000000826,-66.610000,45.920000,2023-01-04 10:00:00,0.90,FREDERICTON CDA CS,1531.7,4.0,2.0,1.0,January,January,January 2023,,
1970-01-01 00:00:00.000000827,-66.610000,45.920000,2023-01-04 11:00:00,1.50,FREDERICTON CDA CS,1519.67,4.0,2.0,1.0,January,January,January 2023,,
1970-01-01 00:00:00.000000828,-66.610000,45.920000,2023-01-04 12:00:00,2.60,FREDERICTON CDA CS,1522.08,4.0,2.0,1.0,January,January,January 2023,,
1970-01-01 00:00:00.000000829,-66.610000,45.920000,2023-01-04 13:00:00,3.40,FREDERICTON CDA CS,1521.5900000000001,4.0,2.0,1.0,January,January,January 2023,,
1970-01-01 00:00:00.000000830,-66.610000,45.920000,2023-01-04 14:00:00,4.10,FREDERICTON CDA CS,1518.69,4.0,2.0,1.0,January,January,January 2023,,
1970-01-01 00:00:00.000000831,-66.610000,45.920000,2023-01-04 15:00:00,4.60,FREDERICTON CDA CS,1470.1,4.0,2.0,1.0,January,January,January 2023,,
1970-01-01 00:00:00.000000832,-66.610000,45.920000,2023-01-04 16:00:00,4.10,FREDERICTON CDA CS,1424.87,4.0,2.0,1.0,January,January,January 2023,,
1970-01-01 00:00:00.000000833,-66.610000,45.920000,2023-01-04 17:00:00,2.90,FREDERICTON CDA CS,1399.85,4.0,2.0,1.0,January,January,January 2023,,
1970-01-01 00:00:00.000000834,-66.610000,45.920000,2023-01-04 18:00:00,1.60,FREDERICTON CDA CS,1351.24,4.0,2.0,1.0,January,January,January 2023,,
1970-01-01 00:00:00.000000835,-66.610000,45.920000,2023-01-04 19:00:00,1.20,FREDERICTON CDA CS,1278.58,4.0,2.0,1.0,January,January,January 2023,,
1970-01-01 00:00:00.000000836,-66.610000,45.920000,2023-01-04 20:00:00,0.60,FREDERICTON CDA CS,1242.48,4.0,2.0,1.0,January,January,January 2023,,
1970-01-01 00:00:00.000000837,-66.610000,45.920000,2023-01-04 21:00:00,0.10,FREDERICTON CDA CS,1064.44,4.0,2.0,1.0,January,January,January 2023,,
1970-01-01 00:00:00.000000838,-66.610000,45.920000,2023-01-04 22:00:00,-0.40,FREDERICTON CDA CS,996.11,4.0,2.0,1.0,January,January,January 2023,,
1970-01-01 00:00:00.000000839,-66.610000,45.920000,2023-01-04 23:00:00,-1.30,FREDERICTON CDA CS,986.0,4.0,2.0,1.0,January,January,January 2023,,
1970-01-01 00:00:00.000000840,-66.610000,45.920000,2023-01-05 00:00:00,-2.40,FREDERICTON CDA CS,925.38,5.0,2.0,1.0,January,January,January 2023,,
1970-01-01 00:00:00.000000841,-66.610000,45.920000,2023-01-05 01:00:00,-3.40,FREDERICTON CDA CS,857.04,5.0,2.0,1.0,January,January,January 2023,,
1970-01-01 00:00:00.000000842,-66.610000,45.920000,2023-01-05 02:00:00,-4.10,FREDERICTON CDA CS,858.01,5.0,2.0,1.0,January,January,January 2023,,
1970-01-01 00:00:00.000000843,-66.610000,45.920000,2023-01-05 03:00:00,-4.90,FREDERICTON CDA CS,855.6,5.0,2.0,1.0,January,January,January 2023,,
1970-01-01 00:00:00.000000844,-66.610000,45.920000,2023-01-05 04:00:00,-5.20,FREDERICTON CDA CS,855.11,5.0,2.0,1.0,January,January,January 2023,,
1970-01-01 00:00:00.000000845,-66.610000,45.920000,2023-01-05 05:00:00,-5.50,FREDERICTON CDA CS,896.5,5.0,2.0,1.0,January,January,January 2023,,
1970-01-01 00:00:00.000000846,-66.610000,45.920000,2023-01-05 06:00:00,-5.70,FREDERICTON CDA CS,1273.76,5.0,2.0,1.0,January,January,January 2023,,
1970-01-01 00:00:00.000000847,-66.610000,45.920000,2023-01-05 07:00:00,-5.70,FREDERICTON CDA CS,1398.4,5.0,2.0,1.0,January,January,January 2023,,
1970-01-01 00:00:00.000000848,-66.610000,45.920000,2023-01-05 08:00:00,-5.80,FREDERICTON CDA CS,1410.9,5.0,2.0,1.0,January,January,January 2023,,
1970-01-01 00:00:00.000000849,-66.610000,45.920000,2023-01-05 09:00:00,-5.70,FREDERICTON CDA CS,1468.1799999999998,5.0,2.0,1.0,January,January,January 2023,,
1970-01-01 00:00:00.000000850,-66.610000,45.920000,2023-01-05 10:00:00,-5.40,FREDERICTON CDA CS,1480.21,5.0,2.0,1.0,January,January,January 2023,,
1970-01-01 00:00:00.000000851,-66.610000,45.920000,2023-01-05 11:00:00,-4.70,FREDERICTON CDA CS,1494.17,5.0,2.0,1.0,January,January,January 2023,,
1970-01-01 00:00:00.000000852,-66.610000,45.920000,2023-01-05 12:00:00,-4.40,FREDERICTON CDA CS,1494.17,5.0,2.0,1.0,January,January,January 2023,,
1970-01-01 00:00:00.000000853,-66.610000,45.920000,2023-01-05 13:00:00,-4.60,FREDERICTON CDA CS,1467.7,5.0,2.0,1.0,January,January,January 2023,,
1970-01-01 00:00:00.000000854,-66.610000,45.920000,2023-01-05 14:00:00,-4.90,FREDERICTON CDA CS,1469.13,5.0,2.0,1.0,January,January,January 2023,,
1970-01-01 00:00:00.000000855,-66.610000,45.920000,2023-01-05 15:00:00,-4.80,FREDERICTON CDA CS,1428.24,5.0,2.0,1.0,January,January,January 2023,,
1970-01-01 00:00:00.000000856,-66.610000,45.920000,2023-01-05 16:00:00,-4.80,FREDERICTON CDA CS,1384.45,5.0,2.0,1.0,January,January,January 2023,,
1970-01-01 00:00:00.000000857,-66.610000,45.920000,2023-01-05 17:00:00,-4.90,FREDERICTON CDA CS,1359.43,5.0,2.0,1.0,January,January,January 2023,,
1970-01-01 00:00:00.000000858,-66.610000,45.920000,2023-01-05 18:00:00,-4.70,FREDERICTON CDA CS,1338.25,5.0,2.0,1.0,January,January,January 2023,,
1970-01-01 00:00:00.000000860,-66.610000,45.920000,2023-01-05 19:00:00,-4.50,FREDERICTON CDA CS,1263.6799999999998,5.0,2.0,1.0,January,January,January 2023,,
1970-01-01 00:00:00.000000861,-66.610000,45.920000,2023-01-05 20:00:00,-4.30,FREDERICTON CDA CS,1244.8999999999999,5.0,2.0,1.0,January,January,January 2023,,
1970-01-01 00:00:00.000000862,-66.610000,45.920000,2023-01-05 21:00:00,-4.30,FREDERICTON CDA CS,1061.56,5.0,2.0,1.0,January,January,January 2023,,
1970-01-01 00:00:00.000000863,-66.610000,45.920000,2023-01-05 22:00:00,-4.10,FREDERICTON CDA CS,993.71,5.0,2.0,1.0,January,January,January 2023,,
1970-01-01 00:00:00.000000864,-66.610000,45.920000,2023-01-05 23:00:00,-4.50,FREDERICTON CDA CS,983.5999999999999,5.0,2.0,1.0,January,January,January 2023,,
1970-01-01 00:00:00.000000865,-66.610000,45.920000,2023-01-06 00:00:00,-4.30,FREDERICTON CDA CS,932.1,6.0,2.0,1.0,January,January,January 2023,,
1970-01-01 00:00:00.000000866,-66.610000,45.920000,2023-01-06 01:00:00,-4.30,FREDERICTON CDA CS,862.8199999999999,6.0,2.0,1.0,January,January,January 2023,,
1970-01-01 00:00:00.000000867,-66.610000,45.920000,2023-01-06 02:00:00,-4.50,FREDERICTON CDA CS,852.71,6.0,2.0,1.0,January,January,January 2023,,
1970-01-01 00:00:00.000000868,-66.610000,45.920000,2023-01-06 03:00:00,-4.50,FREDERICTON CDA CS,849.8199999999999,6.0,2.0,1.0,January,January,January 2023,,
1970-01-01 00:00:00.000000869,-66.610000,45.920000,2023-01-06 04:00:00,-4.30,FREDERICTON CDA CS,809.88,6.0,2.0,1.0,January,January,January 2023,,
1970-01-01 00:00:00.000000870,-66.610000,45.920000,2023-01-06 05:00:00,-4.20,FREDERICTON CDA CS,920.07,6.0,2.0,1.0,January,January,January 2023,,
1970-01-01 00:00:00.000000871,-66.610000,45.920000,2023-01-06 06:00:00,-3.90,FREDERICTON CDA CS,1298.8,6.0,2.0,1.0,January,January,January 2023,,
1970-01-01 00:00:00.000000872,-66.610000,45.920000,2023-01-06 07:00:00,-3.80,FREDERICTON CDA CS,1388.3,6.0,2.0,1.0,January,January,January 2023,,
1970-01-01 00:00:00.000000873,-66.610000,45.920000,2023-01-06 08:00:00,-3.80,FREDERICTON CDA CS,1422.47,6.0,2.0,1.0,January,January,January 2023,,
1970-01-01 00:00:00.000000874,-66.610000,45.920000,2023-01-06 09:00:00,-3.60,FREDERICTON CDA CS,1452.3,6.0,2.0,1.0,January,January,January 2023,,
1970-01-01 00:00:00.000000875,-66.610000,45.920000,2023-01-06 10:00:00,-3.00,FREDERICTON CDA CS,1450.38,6.0,2.0,1.0,January,January,January 2023,,
1970-01-01 00:00:00.000000876,-66.610000,45.920000,2023-01-06 11:00:00,-2.40,FREDERICTON CDA CS,1462.41,6.0,2.0,1.0,January,January,January 2023,,
1970-01-01 00:00:00.000000877,-66.610000,45.920000,2023-01-06 12:00:00,-2.00,FREDERICTON CDA CS,1424.8700000000001,6.0,2.0,1.0,January,January,January 2023,,
1970-01-01 00:00:00.000000878,-66.610000,45.920000,2023-01-06 13:00:00,-1.70,FREDERICTON CDA CS,1419.09,6.0,2.0,1.0,January,January,January 2023,,
1970-01-01 00:00:00.000000879,-66.610000,45.920000,2023-01-06 14:00:00,-1.50,FREDERICTON CDA CS,1413.8,6.0,2.0,1.0,January,January,January 2023,,
1970-01-01 00:00:00.000000880,-66.610000,45.920000,2023-01-06 15:00:00,-1.40,FREDERICTON CDA CS,1399.3600000000001,6.0,2.0,1.0,January,January,January 2023,,
1970-01-01 00:00:00.000000881,-66.610000,45.920000,2023-01-06 16:00:00,-1.40,FREDERICTON CDA CS,1371.46,6.0,2.0,1.0,January,January,January 2023,,
1970-01-01 00:00:00.000000882,-66.610000,45.920000,2023-01-06 17:00:00,-1.50,FREDERICTON CDA CS,1361.83,6.0,2.0,1.0,January,January,January 2023,,
1970-01-01 00:00:00.000000883,-66.610000,45.920000,2023-01-06 18:00:00,-1.50,FREDERICTON CDA CS,1333.92,6.0,2.0,1.0,January,January,January 2023,,
1970-01-01 00:00:00.000000884,-66.610000,45.920000,2023-01-06 19:00:00,-1.60,FREDERICTON CDA CS,1215.07,6.0,2.0,1.0,January,January,January 2023,,
1970-01-01 00:00:00.000000885,-66.610000,45.920000,2023-01-06 20:00:00,-1.80,FREDERICTON CDA CS,1024.98,6.0,2.0,1.0,January,January,January 2023,,
1970-01-01 00:00:00.000000886,-66.610000,45.920000,2023-01-06 21:00:00,-1.80,FREDERICTON CDA CS,840.19,6.0,2.0,1.0,January,January,January 2023,,
1970-01-01 00:00:00.000000887,-66.610000,45.920000,2023-01-06 22:00:00,-2.00,FREDERICTON CDA CS,771.38,6.0,2.0,1.0,January,January,January 2023,,
1970-01-01 00:00:00.000000888,-66.610000,45.920000,2023-01-06 23:00:00,-2.30,FREDERICTON CDA CS,940.77,6.0,2.0,1.0,January,January,January 2023,,
1970-01-01 00:00:00.000000889,-66.610000,45.920000,2023-01-07 00:00:00,-2.70,FREDERICTON CDA CS,947.51,7.0,2.0,1.0,January,January,January 2023,,
1970-01-01 00:00:00.000000890,-66.610000,45.920000,2023-01-07 01:00:00,-2.80,FREDERICTON CDA CS,881.11,7.0,2.0,1.0,January,January,January 2023,,
1970-01-01 00:00:00.000000891,-66.610000,45.920000,2023-01-07 02:00:00,-3.00,FREDERICTON CDA CS,875.81,7.0,2.0,1.0,January,January,January 2023,,
1970-01-01 00:00:00.000000892,-66.610000,45.920000,2023-01-07 03:00:00,-3.00,FREDERICTON CDA CS,880.14,7.0,2.0,1.0,January,January,January 2023,,
1970-01-01 00:00:00.000000893,-66.610000,45.920000,2023-01-07 04:00:00,-3.40,FREDERICTON CDA CS,885.4300000000001,7.0,2.0,1.0,January,January,January 2023,,
1970-01-01 00:00:00.000000894,-66.610000,45.920000,2023-01-07 05:00:00,-3.30,FREDERICTON CDA CS,877.25,7.0,2.0,1.0,January,January,January 2023,,
1970-01-01 00:00:00.000000895,-66.610000,45.920000,2023-01-07 06:00:00,-3.10,FREDERICTON CDA CS,893.6,7.0,2.0,1.0,January,January,January 2023,,
1970-01-01 00:00:00.000000896,-66.610000,45.920000,2023-01-07 07:00:00,-3.20,FREDERICTON CDA CS,892.65,7.0,2.0,1.0,January,January,January 2023,,
1970-01-01 00:00:00.000000897,-66.610000,45.920000,2023-01-07 08:00:00,-3.10,FREDERICTON CDA CS,654.9300000000001,7.0,2.0,1.0,January,January,January 2023,,
1970-01-01 00:00:00.000000898,-66.610000,45.920000,2023-01-07 09:00:00,-2.90,FREDERICTON CDA CS,644.8299999999999,7.0,2.0,1.0,January,January,January 2023,,
1970-01-01 00:00:00.000000899,-66.610000,45.920000,2023-01-07 10:00:00,-2.60,FREDERICTON CDA CS,647.7,7.0,2.0,1.0,January,January,January 2023,,
1970-01-01 00:00:00.000000900,-66.610000,45.920000,2023-01-07 11:00:00,-1.60,FREDERICTON CDA CS,649.1500000000001,7.0,2.0,1.0,January,January,January 2023,,
1970-01-01 00:00:00.000000901,-66.610000,45.920000,2023-01-07 12:00:00,-1.00,FREDERICTON CDA CS,839.72,7.0,2.0,1.0,January,January,January 2023,,
1970-01-01 00:00:00.000000902,-66.610000,45.920000,2023-01-07 13:00:00,-0.50,FREDERICTON CDA CS,884.95,7.0,2.0,1.0,January,January,January 2023,,
1970-01-01 00:00:00.000000903,-66.610000,45.920000,2023-01-07 14:00:00,0.40,FREDERICTON CDA CS,883.98,7.0,2.0,1.0,January,January,January 2023,,
1970-01-01 00:00:00.000000904,-66.610000,45.920000,2023-01-07 15:00:00,1.80,FREDERICTON CDA CS,885.4300000000001,7.0,2.0,1.0,January,January,January 2023,,
1970-01-01 00:00:00.000000905,-66.610000,45.920000,2023-01-07 16:00:00,1.20,FREDERICTON CDA CS,883.99,7.0,2.0,1.0,January,January,January 2023,,
1970-01-01 00:00:00.000000906,-66.610000,45.920000,2023-01-07 17:00:00,0.90,FREDERICTON CDA CS,896.01,7.0,2.0,1.0,January,January,January 2023,,
1970-01-01 00:00:00.000000907,-66.610000,45.920000,2023-01-07 18:00:00,0.50,FREDERICTON CDA CS,900.83,7.0,2.0,1.0,January,January,January 2023,,
1970-01-01 00:00:00.000000908,-66.610000,45.920000,2023-01-07 19:00:00,0.30,FREDERICTON CDA CS,899.86,7.0,2.0,1.0,January,January,January 2023,,
1970-01-01 00:00:00.000000909,-66.610000,45.920000,2023-01-07 20:00:00,0.30,FREDERICTON CDA CS,907.56,7.0,2.0,1.0,January,January,January 2023,,
1970-01-01 00:00:00.000000910,-66.610000,45.920000,2023-01-07 21:00:00,-0.50,FREDERICTON CDA CS,660.22,7.0,2.0,1.0,January,January,January 2023,,
1970-01-01 00:00:00.000000911,-66.610000,45.920000,2023-01-07 22:00:00,-2.20,FREDERICTON CDA CS,656.38,7.0,2.0,1.0,January,January,January 2023,,
1970-01-01 00:00:00.000000912,-66.610000,45.920000,2023-01-07 23:00:00,-3.80,FREDERICTON CDA CS,640.01,7.0,2.0,1.0,January,January,January 2023,,
1970-01-01 00:00:00.000000913,-66.610000,45.920000,2023-01-08 00:00:00,-5.10,FREDERICTON CDA CS,625.1,8.0,2.0,1.0,January,January,January 2023,,
1970-01-01 00:00:00.000000914,-66.610000,45.920000,2023-01-08 01:00:00,-7.10,FREDERICTON CDA CS,605.85,8.0,2.0,1.0,January,January,January 2023,,
1970-01-01 00:00:00.000000915,-66.610000,45.920000,2023-01-08 02:00:00,-7.90,FREDERICTON CDA CS,611.13,8.0,2.0,1.0,January,January,January 2023,,
1970-01-01 00:00:00.000000916,-66.610000,45.920000,2023-01-08 03:00:00,-8.50,FREDERICTON CDA CS,610.1800000000001,8.0,2.0,1.0,January,January,January 2023,,
1970-01-01 00:00:00.000000917,-66.610000,45.920000,2023-01-08 04:00:00,-9.10,FREDERICTON CDA CS,607.29,8.0,2.0,1.0,January,January,January 2023,,
1970-01-01 00:00:00.000000918,-66.610000,45.920000,2023-01-08 05:00:00,-9.50,FREDERICTON CDA CS,609.7,8.0,2.0,1.0,January,January,January 2023,,
1970-01-01 00:00:00.000000919,-66.610000,45.920000,2023-01-08 06:00:00,-10.00,FREDERICTON CDA CS,600.07,8.0,2.0,1.0,January,January,January 2023,,
1970-01-01 00:00:00.000000920,-66.610000,45.920000,2023-01-08 07:00:00,-9.90,FREDERICTON CDA CS,604.89,8.0,2.0,1.0,January,January,January 2023,,
1970-01-01 00:00:00.000000921,-66.610000,45.920000,2023-01-08 08:00:00,-10.00,FREDERICTON CDA CS,600.0699999999999,8.0,2.0,1.0,January,January,January 2023,,
1970-01-01 00:00:00.000000922,-66.610000,45.920000,2023-01-08 09:00:00,-9.70,FREDERICTON CDA CS,603.9200000000001,8.0,2.0,1.0,January,January,January 2023,,
1970-01-01 00:00:00.000000923,-66.610000,45.920000,2023-01-08 10:00:00,-8.80,FREDERICTON CDA CS,810.36,8.0,2.0,1.0,January,January,January 2023,,
1970-01-01 00:00:00.000000924,-66.610000,45.920000,2023-01-08 11:00:00,-8.00,FREDERICTON CDA CS,844.53,8.0,2.0,1.0,January,January,January 2023,,
1970-01-01 00:00:00.000000925,-66.610000,45.920000,2023-01-08 12:00:00,-6.90,FREDERICTON CDA CS,847.42,8.0,2.0,1.0,January,January,January 2023,,
1970-01-01 00:00:00.000000926,-66.610000,45.920000,2023-01-08 13:00:00,-6.50,FREDERICTON CDA CS,844.52,8.0,2.0,1.0,January,January,January 2023,,
1970-01-01 00:00:00.000000927,-66.610000,45.920000,2023-01-08 14:00:00,-5.60,FREDERICTON CDA CS,855.11,8.0,2.0,1.0,January,January,January 2023,,
1970-01-01 00:00:00.000000928,-66.610000,45.920000,2023-01-08 15:00:00,-5.20,FREDERICTON CDA CS,842.6,8.0,2.0,1.0,January,January,January 2023,,
1970-01-01 00:00:00.000000929,-66.610000,45.920000,2023-01-08 16:00:00,-5.00,FREDERICTON CDA CS,853.6700000000001,8.0,2.0,1.0,January,January,January 2023,,
1970-01-01 00:00:00.000000930,-66.610000,45.920000,2023-01-08 17:00:00,-5.80,FREDERICTON CDA CS,857.52,8.0,2.0,1.0,January,January,January 2023,,
1970-01-01 00:00:00.000000931,-66.610000,45.920000,2023-01-08 18:00:00,-6.90,FREDERICTON CDA CS,836.8299999999999,8.0,2.0,1.0,January,January,January 2023,,
1970-01-01 00:00:00.000000932,-66.610000,45.920000,2023-01-08 19:00:00,-7.90,FREDERICTON CDA CS,606.3199999999999,8.0,2.0,1.0,January,January,January 2023,,
1970-01-01 00:00:00.000000933,-66.610000,45.920000,2023-01-08 20:00:00,-8.40,FREDERICTON CDA CS,605.86,8.0,2.0,1.0,January,January,January 2023,,
1970-01-01 00:00:00.000000934,-66.610000,45.920000,2023-01-08 21:00:00,-8.50,FREDERICTON CDA CS,603.4399999999999,8.0,2.0,1.0,January,January,January 2023,,
1970-01-01 00:00:00.000000935,-66.610000,45.920000,2023-01-08 22:00:00,-9.10,FREDERICTON CDA CS,604.4100000000001,8.0,2.0,1.0,January,January,January 2023,,
1970-01-01 00:00:00.000000936,-66.610000,45.920000,2023-01-08 23:00:00,-9.40,FREDERICTON CDA CS,603.9200000000001,8.0,2.0,1.0,January,January,January 2023,,
1970-01-01 00:00:00.000000937,-66.610000,45.920000,2023-01-09 00:00:00,-9.20,FREDERICTON CDA CS,610.1800000000001,9.0,3.0,1.0,January,January,January 2023,,
1970-01-01 00:00:00.000000938,-66.610000,45.920000,2023-01-09 01:00:00,-9.40,FREDERICTON CDA CS,610.66,9.0,3.0,1.0,January,January,January 2023,,
1970-01-01 00:00:00.000000939,-66.610000,45.920000,2023-01-09 02:00:00,-9.40,FREDERICTON CDA CS,604.88,9.0,3.0,1.0,January,January,January 2023,,
1970-01-01 00:00:00.000000940,-66.610000,45.920000,2023-01-09 03:00:00,-9.70,FREDERICTON CDA CS,605.36,9.0,3.0,1.0,January,January,January 2023,,
1970-01-01 00:00:00.000000941,-66.610000,45.920000,2023-01-09 04:00:00,-10.50,FREDERICTON CDA CS,604.41,9.0,3.0,1.0,January,January,January 2023,,
1970-01-01 00:00:00.000000942,-66.610000,45.920000,2023-01-09 05:00:00,-9.50,FREDERICTON CDA CS,499.5,9.0,3.0,1.0,January,January,January 2023,,
1970-01-01 00:00:00.000000943,-66.610000,45.920000,2023-01-09 06:00:00,-9.60,FREDERICTON CDA CS,582.75,9.0,3.0,1.0,January,January,January 2023,,
1970-01-01 00:00:00.000000944,-66.610000,45.920000,2023-01-09 07:00:00,-10.00,FREDERICTON CDA CS,1278.1,9.0,3.0,1.0,January,January,January 2023,,
1970-01-01 00:00:00.000000945,-66.610000,45.920000,2023-01-09 08:00:00,-11.00,FREDERICTON CDA CS,1311.3,9.0,3.0,1.0,January,January,January 2023,,
1970-01-01 00:00:00.000000946,-66.610000,45.920000,2023-01-09 09:00:00,-10.20,FREDERICTON CDA CS,1340.18,9.0,3.0,1.0,January,January,January 2023,,
1970-01-01 00:00:00.000000947,-66.610000,45.920000,2023-01-09 10:00:00,-7.60,FREDERICTON CDA CS,1373.38,9.0,3.0,1.0,January,January,January 2023,,
1970-01-01 00:00:00.000000948,-66.610000,45.920000,2023-01-09 11:00:00,-6.50,FREDERICTON CDA CS,1345.47,9.0,3.0,1.0,January,January,January 2023,,
1970-01-01 00:00:00.000000949,-66.610000,45.920000,2023-01-09 12:00:00,-5.20,FREDERICTON CDA CS,1342.58,9.0,3.0,1.0,January,January,January 2023,,
1970-01-01 00:00:00.000000950,-66.610000,45.920000,2023-01-09 13:00:00,-4.50,FREDERICTON CDA CS,1337.77,9.0,3.0,1.0,January,January,January 2023,,
1970-01-01 00:00:00.000000951,-66.610000,45.920000,2023-01-09 14:00:00,-3.40,FREDERICTON CDA CS,1329.59,9.0,3.0,1.0,January,January,January 2023,,
1970-01-01 00:00:00.000000952,-66.610000,45.920000,2023-01-09 15:00:00,-2.20,FREDERICTON CDA CS,1294.45,9.0,3.0,1.0,January,January,January 2023,,
1970-01-01 00:00:00.000000953,-66.610000,45.920000,2023-01-09 16:00:00,-2.30,FREDERICTON CDA CS,1213.1399999999999,9.0,3.0,1.0,January,January,January 2023,,
1970-01-01 00:00:00.000000954,-66.610000,45.920000,2023-01-09 17:00:00,-3.30,FREDERICTON CDA CS,1361.83,9.0,3.0,1.0,January,January,January 2023,,
1970-01-01 00:00:00.000000956,-66.610000,45.920000,2023-01-09 18:00:00,-4.60,FREDERICTON CDA CS,1379.6399999999999,9.0,3.0,1.0,January,January,January 2023,,
1970-01-01 00:00:00.000000957,-66.610000,45.920000,2023-01-09 19:00:00,-5.80,FREDERICTON CDA CS,1301.67,9.0,3.0,1.0,January,January,January 2023,,
1970-01-01 00:00:00.000000958,-66.610000,45.920000,2023-01-09 20:00:00,-5.10,FREDERICTON CDA CS,1272.81,9.0,3.0,1.0,January,January,January 2023,,
1970-01-01 00:00:00.000000959,-66.610000,45.920000,2023-01-09 21:00:00,-5.70,FREDERICTON CDA CS,1074.07,9.0,3.0,1.0,January,January,January 2023,,
1970-01-01 00:00:00.000000960,-66.610000,45.920000,2023-01-09 22:00:00,-6.70,FREDERICTON CDA CS,1012.9499999999999,9.0,3.0,1.0,January,January,January 2023,,
1970-01-01 00:00:00.000000961,-66.610000,45.920000,2023-01-09 23:00:00,-5.60,FREDERICTON CDA CS,986.0,9.0,3.0,1.0,January,January,January 2023,,
1970-01-01 00:00:00.000000962,-66.610000,45.920000,2023-01-10 00:00:00,-5.00,FREDERICTON CDA CS,929.22,10.0,3.0,1.0,January,January,January 2023,,
1970-01-01 00:00:00.000000963,-66.610000,45.920000,2023-01-10 01:00:00,-4.70,FREDERICTON CDA CS,853.19,10.0,3.0,1.0,January,January,January 2023,,
1970-01-01 00:00:00.000000964,-66.610000,45.920000,2023-01-10 02:00:00,-4.60,FREDERICTON CDA CS,856.0699999999999,10.0,3.0,1.0,January,January,January 2023,,
1970-01-01 00:00:00.000000965,-66.610000,45.920000,2023-01-10 03:00:00,-5.00,FREDERICTON CDA CS,856.56,10.0,3.0,1.0,January,January,January 2023,,
1970-01-01 00:00:00.000000966,-66.610000,45.920000,2023-01-10 04:00:00,-5.00,FREDERICTON CDA CS,851.74,10.0,3.0,1.0,January,January,January 2023,,
1970-01-01 00:00:00.000000967,-66.610000,45.920000,2023-01-10 05:00:00,-5.10,FREDERICTON CDA CS,929.22,10.0,3.0,1.0,January,January,January 2023,,
1970-01-01 00:00:00.000000968,-66.610000,45.920000,2023-01-10 06:00:00,-6.00,FREDERICTON CDA CS,1313.23,10.0,3.0,1.0,January,January,January 2023,,
1970-01-01 00:00:00.000000969,-66.610000,45.920000,2023-01-10 07:00:00,-6.10,FREDERICTON CDA CS,1407.06,10.0,3.0,1.0,January,January,January 2023,,
1970-01-01 00:00:00.000000970,-66.610000,45.920000,2023-01-10 08:00:00,-5.90,FREDERICTON CDA CS,1457.6,10.0,3.0,1.0,January,January,January 2023,,
1970-01-01 00:00:00.000000971,-66.610000,45.920000,2023-01-10 09:00:00,-5.10,FREDERICTON CDA CS,1536.51,10.0,3.0,1.0,January,January,January 2023,,
1970-01-01 00:00:00.000000972,-66.610000,45.920000,2023-01-10 10:00:00,-4.80,FREDERICTON CDA CS,1555.76,10.0,3.0,1.0,January,January,January 2023,,
1970-01-01 00:00:00.000000973,-66.610000,45.920000,2023-01-10 11:00:00,-4.40,FREDERICTON CDA CS,1537.47,10.0,3.0,1.0,January,January,January 2023,,
1970-01-01 00:00:00.000000974,-66.610000,45.920000,2023-01-10 12:00:00,-3.60,FREDERICTON CDA CS,1537.48,10.0,3.0,1.0,January,January,January 2023,,
1970-01-01 00:00:00.000000975,-66.610000,45.920000,2023-01-10 13:00:00,-3.10,FREDERICTON CDA CS,1532.65,10.0,3.0,1.0,January,January,January 2023,,
1970-01-01 00:00:00.000000976,-66.610000,45.920000,2023-01-10 14:00:00,-2.90,FREDERICTON CDA CS,1532.66,10.0,3.0,1.0,January,January,January 2023,,
1970-01-01 00:00:00.000000977,-66.610000,45.920000,2023-01-10 15:00:00,-3.00,FREDERICTON CDA CS,1464.81,10.0,3.0,1.0,January,January,January 2023,,
1970-01-01 00:00:00.000000978,-66.610000,45.920000,2023-01-10 16:00:00,-3.60,FREDERICTON CDA CS,1192.93,10.0,3.0,1.0,January,January,January 2023,,
1970-01-01 00:00:00.000000979,-66.610000,45.920000,2023-01-10 17:00:00,-4.00,FREDERICTON CDA CS,1138.07,10.0,3.0,1.0,January,January,January 2023,,
1970-01-01 00:00:00.000000980,-66.610000,45.920000,2023-01-10 18:00:00,-4.70,FREDERICTON CDA CS,1120.26,10.0,3.0,1.0,January,January,January 2023,,
1970-01-01 00:00:00.000000981,-66.610000,45.920000,2023-01-10 19:00:00,-5.70,FREDERICTON CDA CS,1048.57,10.0,3.0,1.0,January,January,January 2023,,
1970-01-01 00:00:00.000000982,-66.610000,45.920000,2023-01-10 20:00:00,-6.30,FREDERICTON CDA CS,1021.61,10.0,3.0,1.0,January,January,January 2023,,
1970-01-01 00:00:00.000000983,-66.610000,45.920000,2023-01-10 21:00:00,-7.00,FREDERICTON CDA CS,819.5,10.0,3.0,1.0,January,January,January 2023,,
1970-01-01 00:00:00.000000984,-66.610000,45.920000,2023-01-10 22:00:00,-7.90,FREDERICTON CDA CS,755.02,10.0,3.0,1.0,January,January,January 2023,,
1970-01-01 00:00:00.000000985,-66.610000,45.920000,2023-01-10 23:00:00,-8.50,FREDERICTON CDA CS,917.6800000000001,10.0,3.0,1.0,January,January,January 2023,,
1970-01-01 00:00:00.000000986,-66.610000,45.920000,2023-01-11 00:00:00,-9.50,FREDERICTON CDA CS,931.15,11.0,3.0,1.0,January,January,January 2023,,
1970-01-01 00:00:00.000000987,-66.610000,45.920000,2023-01-11 01:00:00,-10.60,FREDERICTON CDA CS,859.9300000000001,11.0,3.0,1.0,January,January,January 2023,,
1970-01-01 00:00:00.000000988,-66.610000,45.920000,2023-01-11 02:00:00,-10.50,FREDERICTON CDA CS,863.78,11.0,3.0,1.0,January,January,January 2023,,
1970-01-01 00:00:00.000000989,-66.610000,45.920000,2023-01-11 03:00:00,-11.00,FREDERICTON CDA CS,689.5699999999999,11.0,3.0,1.0,January,January,January 2023,,
1970-01-01 00:00:00.000000990,-66.610000,45.920000,2023-01-11 04:00:00,-11.70,FREDERICTON CDA CS,609.21,11.0,3.0,1.0,January,January,January 2023,,
1970-01-01 00:00:00.000000991,-66.610000,45.920000,2023-01-11 05:00:00,-12.50,FREDERICTON CDA CS,688.61,11.0,3.0,1.0,January,January,January 2023,,
1970-01-01 00:00:00.000000992,-66.610000,45.920000,2023-01-11 06:00:00,-13.20,FREDERICTON CDA CS,1120.75,11.0,3.0,1.0,January,January,January 2023,,
1970-01-01 00:00:00.000000993,-66.610000,45.920000,2023-01-11 07:00:00,-14.30,FREDERICTON CDA CS,1254.05,11.0,3.0,1.0,January,January,January 2023,,
1970-01-01 00:00:00.000000994,-66.610000,45.920000,2023-01-11 08:00:00,-14.30,FREDERICTON CDA CS,1338.73,11.0,3.0,1.0,January,January,January 2023,,
1970-01-01 00:00:00.000000995,-66.610000,45.920000,2023-01-11 09:00:00,-14.00,FREDERICTON CDA CS,1389.73,11.0,3.0,1.0,January,January,January 2023,,
1970-01-01 00:00:00.000000996,-66.610000,45.920000,2023-01-11 10:00:00,-11.80,FREDERICTON CDA CS,1356.54,11.0,3.0,1.0,January,January,January 2023,,
1970-01-01 00:00:00.000000997,-66.610000,45.920000,2023-01-11 11:00:00,-9.30,FREDERICTON CDA CS,1370.01,11.0,3.0,1.0,January,January,January 2023,,
1970-01-01 00:00:00.000000998,-66.610000,45.920000,2023-01-11 12:00:00,-9.00,FREDERICTON CDA CS,1336.33,11.0,3.0,1.0,January,January,January 2023,,
1970-01-01 00:00:00.000000999,-66.610000,45.920000,2023-01-11 13:00:00,-7.80,FREDERICTON CDA CS,1332.96,11.0,3.0,1.0,January,January,January 2023,,
1970-01-01 00:00:00.000001000,-66.610000,45.920000,2023-01-11 14:00:00,-6.50,FREDERICTON CDA CS,1339.7,11.0,3.0,1.0,January,January,January 2023,,
1970-01-01 00:00:00.000001001,-66.610000,45.920000,2023-01-11 15:00:00,-5.50,FREDERICTON CDA CS,1297.3400000000001,11.0,3.0,1.0,January,January,January 2023,,
1970-01-01 00:00:00.000001002,-66.610000,45.920000,2023-01-11 16:00:00,-5.30,FREDERICTON CDA CS,1228.05,11.0,3.0,1.0,January,January,January 2023,,
1970-01-01 00:00:00.000001004,-66.610000,45.920000,2023-01-11 17:00:00,-6.40,FREDERICTON CDA CS,1192.93,11.0,3.0,1.0,January,January,January 2023,,
1970-01-01 00:00:00.000001005,-66.610000,45.920000,2023-01-11 18:00:00,-7.40,FREDERICTON CDA CS,1147.69,11.0,3.0,1.0,January,January,January 2023,,
1970-01-01 00:00:00.000001006,-66.610000,45.920000,2023-01-11 19:00:00,-8.60,FREDERICTON CDA CS,1062.03,11.0,3.0,1.0,January,January,January 2023,,
1970-01-01 00:00:00.000001007,-66.610000,45.920000,2023-01-11 20:00:00,-9.50,FREDERICTON CDA CS,1031.24,11.0,3.0,1.0,January,January,January 2023,,
1970-01-01 00:00:00.000001008,-66.610000,45.920000,2023-01-11 21:00:00,-10.50,FREDERICTON CDA CS,818.0699999999999,11.0,3.0,1.0,January,January,January 2023,,
1970-01-01 00:00:00.000001009,-66.610000,45.920000,2023-01-11 22:00:00,-11.20,FREDERICTON CDA CS,756.94,11.0,3.0,1.0,January,January,January 2023,,
1970-01-01 00:00:00.000001010,-66.610000,45.920000,2023-01-11 23:00:00,-11.90,FREDERICTON CDA CS,744.4300000000001,11.0,3.0,1.0,January,January,January 2023,,
1970-01-01 00:00:00.000001011,-66.610000,45.920000,2023-01-12 00:00:00,-13.60,FREDERICTON CDA CS,685.24,12.0,3.0,1.0,January,January,January 2023,,
1970-01-01 00:00:00.000001012,-66.610000,45.920000,2023-01-12 01:00:00,-14.70,FREDERICTON CDA CS,616.92,12.0,3.0,1.0,January,January,January 2023,,
1970-01-01 00:00:00.000001013,-66.610000,45.920000,2023-01-12 02:00:00,-15.60,FREDERICTON CDA CS,612.5799999999999,12.0,3.0,1.0,January,January,January 2023,,
1970-01-01 00:00:00.000001014,-66.610000,45.920000,2023-01-12 03:00:00,-16.60,FREDERICTON CDA CS,614.99,12.0,3.0,1.0,January,January,January 2023,,
1970-01-01 00:00:00.000001015,-66.610000,45.920000,2023-01-12 04:00:00,-15.90,FREDERICTON CDA CS,614.5,12.0,3.0,1.0,January,January,January 2023,,
1970-01-01 00:00:00.000001016,-66.610000,45.920000,2023-01-12 05:00:00,-15.00,FREDERICTON CDA CS,653.49,12.0,3.0,1.0,January,January,January 2023,,
1970-01-01 00:00:00.000001017,-66.610000,45.920000,2023-01-12 06:00:00,-14.70,FREDERICTON CDA CS,1036.05,12.0,3.0,1.0,January,January,January 2023,,
1970-01-01 00:00:00.000001018,-66.610000,45.920000,2023-01-12 07:00:00,-14.50,FREDERICTON CDA CS,1178.49,12.0,3.0,1.0,January,January,January 2023,,
1970-01-01 00:00:00.000001019,-66.610000,45.920000,2023-01-12 08:00:00,-14.70,FREDERICTON CDA CS,1221.32,12.0,3.0,1.0,January,January,January 2023,,
1970-01-01 00:00:00.000001020,-66.610000,45.920000,2023-01-12 09:00:00,-14.10,FREDERICTON CDA CS,1337.29,12.0,3.0,1.0,January,January,January 2023,,
1970-01-01 00:00:00.000001021,-66.610000,45.920000,2023-01-12 10:00:00,-12.90,FREDERICTON CDA CS,1367.6000000000001,12.0,3.0,1.0,January,January,January 2023,,
1970-01-01 00:00:00.000001022,-66.610000,45.920000,2023-01-12 11:00:00,-11.30,FREDERICTON CDA CS,1404.1799999999998,12.0,3.0,1.0,January,January,January 2023,,
1970-01-01 00:00:00.000001023,-66.610000,45.920000,2023-01-12 12:00:00,-8.60,FREDERICTON CDA CS,1354.1399999999999,12.0,3.0,1.0,January,January,January 2023,,
1970-01-01 00:00:00.000001024,-66.610000,45.920000,2023-01-12 13:00:00,-6.40,FREDERICTON CDA CS,1314.67,12.0,3.0,1.0,January,January,January 2023,,
1970-01-01 00:00:00.000001025,-66.610000,45.920000,2023-01-12 14:00:00,-5.70,FREDERICTON CDA CS,1311.31,12.0,3.0,1.0,January,January,January 2023,,
1970-01-01 00:00:00.000001026,-66.610000,45.920000,2023-01-12 15:00:00,-4.10,FREDERICTON CDA CS,1277.1399999999999,12.0,3.0,1.0,January,January,January 2023,,
1970-01-01 00:00:00.000001027,-66.610000,45.920000,2023-01-12 16:00:00,-4.00,FREDERICTON CDA CS,1225.16,12.0,3.0,1.0,January,January,January 2023,,
1970-01-01 00:00:00.000001028,-66.610000,45.920000,2023-01-12 17:00:00,-4.60,FREDERICTON CDA CS,1165.5,12.0,3.0,1.0,January,January,January 2023,,
1970-01-01 00:00:00.000001029,-66.610000,45.920000,2023-01-12 18:00:00,-5.00,FREDERICTON CDA CS,1136.1399999999999,12.0,3.0,1.0,January,January,January 2023,,
1970-01-01 00:00:00.000001030,-66.610000,45.920000,2023-01-12 19:00:00,-4.90,FREDERICTON CDA CS,1050.01,12.0,3.0,1.0,January,January,January 2023,,
1970-01-01 00:00:00.000001031,-66.610000,45.920000,2023-01-12 20:00:00,-4.40,FREDERICTON CDA CS,1016.79,12.0,3.0,1.0,January,January,January 2023,,
1970-01-01 00:00:00.000001032,-66.610000,45.920000,2023-01-12 21:00:00,-4.70,FREDERICTON CDA CS,818.05,12.0,3.0,1.0,January,January,January 2023,,
1970-01-01 00:00:00.000001033,-66.610000,45.920000,2023-01-12 22:00:00,-4.20,FREDERICTON CDA CS,746.84,12.0,3.0,1.0,January,January,January 2023,,
1970-01-01 00:00:00.000001034,-66.610000,45.920000,2023-01-12 23:00:00,-4.00,FREDERICTON CDA CS,727.59,12.0,3.0,1.0,January,January,January 2023,,
1970-01-01 00:00:00.000001035,-66.610000,45.920000,2023-01-13 00:00:00,-4.20,FREDERICTON CDA CS,677.06,13.0,3.0,1.0,January,January,January 2023,,
1970-01-01 00:00:00.000001036,-66.610000,45.920000,2023-01-13 01:00:00,-4.40,FREDERICTON CDA CS,607.29,13.0,3.0,1.0,January,January,January 2023,,
1970-01-01 00:00:00.000001037,-66.610000,45.920000,2023-01-13 02:00:00,-4.40,FREDERICTON CDA CS,603.9300000000001,13.0,3.0,1.0,January,January,January 2023,,
1970-01-01 00:00:00.000001038,-66.610000,45.920000,2023-01-13 03:00:00,-3.90,FREDERICTON CDA CS,610.19,13.0,3.0,1.0,January,January,January 2023,,
1970-01-01 00:00:00.000001039,-66.610000,45.920000,2023-01-13 04:00:00,-3.70,FREDERICTON CDA CS,603.9200000000001,13.0,3.0,1.0,January,January,January 2023,,
1970-01-01 00:00:00.000001040,-66.610000,45.920000,2023-01-13 05:00:00,-3.50,FREDERICTON CDA CS,648.19,13.0,3.0,1.0,January,January,January 2023,,
1970-01-01 00:00:00.000001041,-66.610000,45.920000,2023-01-13 06:00:00,-3.10,FREDERICTON CDA CS,1050.0,13.0,3.0,1.0,January,January,January 2023,,
1970-01-01 00:00:00.000001042,-66.610000,45.920000,2023-01-13 07:00:00,-2.30,FREDERICTON CDA CS,1161.16,13.0,3.0,1.0,January,January,January 2023,,
1970-01-01 00:00:00.000001043,-66.610000,45.920000,2023-01-13 08:00:00,-1.70,FREDERICTON CDA CS,1197.74,13.0,3.0,1.0,January,January,January 2023,,
1970-01-01 00:00:00.000001044,-66.610000,45.920000,2023-01-13 09:00:00,-1.40,FREDERICTON CDA CS,1267.02,13.0,3.0,1.0,January,January,January 2023,,
1970-01-01 00:00:00.000001045,-66.610000,45.920000,2023-01-13 10:00:00,-0.50,FREDERICTON CDA CS,1276.19,13.0,3.0,1.0,January,January,January 2023,,
1970-01-01 00:00:00.000001046,-66.610000,45.920000,2023-01-13 11:00:00,0.10,FREDERICTON CDA CS,1297.8200000000002,13.0,3.0,1.0,January,January,January 2023,,
1970-01-01 00:00:00.000001047,-66.610000,45.920000,2023-01-13 12:00:00,0.30,FREDERICTON CDA CS,1294.94,13.0,3.0,1.0,January,January,January 2023,,
1970-01-01 00:00:00.000001048,-66.610000,45.920000,2023-01-13 13:00:00,0.60,FREDERICTON CDA CS,1302.6399999999999,13.0,3.0,1.0,January,January,January 2023,,
1970-01-01 00:00:00.000001049,-66.610000,45.920000,2023-01-13 14:00:00,0.80,FREDERICTON CDA CS,1273.77,13.0,3.0,1.0,January,January,January 2023,,
1970-01-01 00:00:00.000001050,-66.610000,45.920000,2023-01-13 15:00:00,0.80,FREDERICTON CDA CS,1235.27,13.0,3.0,1.0,January,January,January 2023,,
1970-01-01 00:00:00.000001051,-66.610000,45.920000,2023-01-13 16:00:00,0.80,FREDERICTON CDA CS,1181.38,13.0,3.0,1.0,January,January,January 2023,,
1970-01-01 00:00:00.000001052,-66.610000,45.920000,2023-01-13 17:00:00,1.10,FREDERICTON CDA CS,1134.22,13.0,3.0,1.0,January,January,January 2023,,
1970-01-01 00:00:00.000001053,-66.610000,45.920000,2023-01-13 18:00:00,0.80,FREDERICTON CDA CS,1123.15,13.0,3.0,1.0,January,January,January 2023,,
1970-01-01 00:00:00.000001054,-66.610000,45.920000,2023-01-13 19:00:00,0.90,FREDERICTON CDA CS,1068.29,13.0,3.0,1.0,January,January,January 2023,,
1970-01-01 00:00:00.000001055,-66.610000,45.920000,2023-01-13 20:00:00,0.90,FREDERICTON CDA CS,1060.58,13.0,3.0,1.0,January,January,January 2023,,
1970-01-01 00:00:00.000001056,-66.610000,45.920000,2023-01-13 21:00:00,1.20,FREDERICTON CDA CS,852.7,13.0,3.0,1.0,January,January,January 2023,,
1970-01-01 00:00:00.000001057,-66.610000,45.920000,2023-01-13 22:00:00,1.40,FREDERICTON CDA CS,791.6,13.0,3.0,1.0,January,January,January 2023,,
1970-01-01 00:00:00.000001058,-66.610000,45.920000,2023-01-13 23:00:00,1.20,FREDERICTON CDA CS,767.54,13.0,3.0,1.0,January,January,January 2023,,
1970-01-01 00:00:00.000001059,-66.610000,45.920000,2023-01-14 00:00:00,1.20,FREDERICTON CDA CS,695.36,14.0,3.0,1.0,January,January,January 2023,,
1970-01-01 00:00:00.000001060,-66.610000,45.920000,2023-01-14 01:00:00,1.00,FREDERICTON CDA CS,630.39,14.0,3.0,1.0,January,January,January 2023,,
1970-01-01 00:00:00.000001061,-66.610000,45.920000,2023-01-14 02:00:00,0.60,FREDERICTON CDA CS,627.98,14.0,3.0,1.0,January,January,January 2023,,
1970-01-01 00:00:00.000001062,-66.610000,45.920000,2023-01-14 03:00:00,0.70,FREDERICTON CDA CS,627.99,14.0,3.0,1.0,January,January,January 2023,,
1970-01-01 00:00:00.000001063,-66.610000,45.920000,2023-01-14 04:00:00,0.50,FREDERICTON CDA CS,631.84,14.0,3.0,1.0,January,January,January 2023,,
1970-01-01 00:00:00.000001064,-66.610000,45.920000,2023-01-14 05:00:00,0.10,FREDERICTON CDA CS,624.14,14.0,3.0,1.0,January,January,January 2023,,
1970-01-01 00:00:00.000001065,-66.610000,45.920000,2023-01-14 06:00:00,-0.30,FREDERICTON CDA CS,654.45,14.0,3.0,1.0,January,January,January 2023,,
1970-01-01 00:00:00.000001066,-66.610000,45.920000,2023-01-14 07:00:00,-0.40,FREDERICTON CDA CS,644.34,14.0,3.0,1.0,January,January,January 2023,,
1970-01-01 00:00:00.000001067,-66.610000,45.920000,2023-01-14 08:00:00,-0.80,FREDERICTON CDA CS,645.78,14.0,3.0,1.0,January,January,January 2023,,
1970-01-01 00:00:00.000001068,-66.610000,45.920000,2023-01-14 09:00:00,-1.30,FREDERICTON CDA CS,639.53,14.0,3.0,1.0,January,January,January 2023,,
1970-01-01 00:00:00.000001069,-66.610000,45.920000,2023-01-14 10:00:00,-1.50,FREDERICTON CDA CS,648.19,14.0,3.0,1.0,January,January,January 2023,,
1970-01-01 00:00:00.000001070,-66.610000,45.920000,2023-01-14 11:00:00,-1.70,FREDERICTON CDA CS,648.67,14.0,3.0,1.0,January,January,January 2023,,
1970-01-01 00:00:00.000001071,-66.610000,45.920000,2023-01-14 12:00:00,-1.90,FREDERICTON CDA CS,644.8199999999999,14.0,3.0,1.0,January,January,January 2023,,
1970-01-01 00:00:00.000001072,-66.610000,45.920000,2023-01-14 13:00:00,-2.30,FREDERICTON CDA CS,648.6700000000001,14.0,3.0,1.0,January,January,January 2023,,
1970-01-01 00:00:00.000001073,-66.610000,45.920000,2023-01-14 14:00:00,-2.20,FREDERICTON CDA CS,640.98,14.0,3.0,1.0,January,January,January 2023,,
1970-01-01 00:00:00.000001074,-66.610000,45.920000,2023-01-14 15:00:00,-2.50,FREDERICTON CDA CS,0.0,14.0,3.0,1.0,January,January,January 2023,,
1970-01-01 00:00:00.000001075,-66.610000,45.920000,2023-01-14 16:00:00,-2.70,FREDERICTON CDA CS,0.0,14.0,3.0,1.0,January,January,January 2023,,
1970-01-01 00:00:00.000001076,-66.610000,45.920000,2023-01-14 17:00:00,-3.10,FREDERICTON CDA CS,0.0,14.0,3.0,1.0,January,January,January 2023,,
1970-01-01 00:00:00.000001077,-66.610000,45.920000,2023-01-14 18:00:00,-3.70,FREDERICTON CDA CS,0.0,14.0,3.0,1.0,January,January,January 2023,,
1970-01-01 00:00:00.000001078,-66.610000,45.920000,2023-01-14 19:00:00,-3.80,FREDERICTON CDA CS,0.0,14.0,3.0,1.0,January,January,January 2023,,
1970-01-01 00:00:00.000001079,-66.610000,45.920000,2023-01-14 20:00:00,-3.90,FREDERICTON CDA CS,0.0,14.0,3.0,1.0,January,January,January 2023,,
1970-01-01 00:00:00.000001080,-66.610000,45.920000,2023-01-14 21:00:00,-3.90,FREDERICTON CDA CS,0.0,14.0,3.0,1.0,January,January,January 2023,,
1970-01-01 00:00:00.000001081,-66.610000,45.920000,2023-01-14 22:00:00,-3.80,FREDERICTON CDA CS,0.0,14.0,3.0,1.0,January,January,January 2023,,
1970-01-01 00:00:00.000001082,-66.610000,45.920000,2023-01-14 23:00:00,-3.70,FREDERICTON CDA CS,0.0,14.0,3.0,1.0,January,January,January 2023,,
1970-01-01 00:00:00.000001083,-66.610000,45.920000,2023-01-15 00:00:00,-3.50,FREDERICTON CDA CS,0.0,15.0,3.0,1.0,January,January,January 2023,,
1970-01-01 00:00:00.000001084,-66.610000,45.920000,2023-01-15 01:00:00,-3.60,FREDERICTON CDA CS,0.0,15.0,3.0,1.0,January,January,January 2023,,
1970-01-01 00:00:00.000001085,-66.610000,45.920000,2023-01-15 02:00:00,-3.90,FREDERICTON CDA CS,0.0,15.0,3.0,1.0,January,January,January 2023,,
1970-01-01 00:00:00.000001086,-66.610000,45.920000,2023-01-15 03:00:00,-4.30,FREDERICTON CDA CS,0.0,15.0,3.0,1.0,January,January,January 2023,,
1970-01-01 00:00:00.000001087,-66.610000,45.920000,2023-01-15 04:00:00,-5.20,FREDERICTON CDA CS,0.0,15.0,3.0,1.0,January,January,January 2023,,
1970-01-01 00:00:00.000001088,-66.610000,45.920000,2023-01-15 05:00:00,-6.00,FREDERICTON CDA CS,0.0,15.0,3.0,1.0,January,January,January 2023,,
1970-01-01 00:00:00.000001089,-66.610000,45.920000,2023-01-15 06:00:00,-6.40,FREDERICTON CDA CS,0.0,15.0,3.0,1.0,January,January,January 2023,,
1970-01-01 00:00:00.000001090,-66.610000,45.920000,2023-01-15 07:00:00,-6.80,FREDERICTON CDA CS,0.0,15.0,3.0,1.0,January,January,January 2023,,
1970-01-01 00:00:00.000001091,-66.610000,45.920000,2023-01-15 08:00:00,-7.20,FREDERICTON CDA CS,0.0,15.0,3.0,1.0,January,January,January 2023,,
1970-01-01 00:00:00.000001092,-66.610000,45.920000,2023-01-15 09:00:00,-7.50,FREDERICTON CDA CS,0.0,15.0,3.0,1.0,January,January,January 2023,,
1970-01-01 00:00:00.000001093,-66.610000,45.920000,2023-01-15 10:00:00,-7.00,FREDERICTON CDA CS,0.0,15.0,3.0,1.0,January,January,January 2023,,
1970-01-01 00:00:00.000001094,-66.610000,45.920000,2023-01-15 11:00:00,-6.40,FREDERICTON CDA CS,0.0,15.0,3.0,1.0,January,January,January 2023,,
1970-01-01 00:00:00.000001095,-66.610000,45.920000,2023-01-15 12:00:00,-6.00,FREDERICTON CDA CS,0.0,15.0,3.0,1.0,January,January,January 2023,,
1970-01-01 00:00:00.000001096,-66.610000,45.920000,2023-01-15 13:00:00,-5.50,FREDERICTON CDA CS,0.0,15.0,3.0,1.0,January,January,January 2023,,
1970-01-01 00:00:00.000001097,-66.610000,45.920000,2023-01-15 14:00:00,-5.30,FREDERICTON CDA CS,0.0,15.0,3.0,1.0,January,January,January 2023,,
1970-01-01 00:00:00.000001098,-66.610000,45.920000,2023-01-15 15:00:00,-5.30,FREDERICTON CDA CS,0.0,15.0,3.0,1.0,January,January,January 2023,,
1970-01-01 00:00:00.000001099,-66.610000,45.920000,2023-01-15 16:00:00,-5.00,FREDERICTON CDA CS,0.0,15.0,3.0,1.0,January,January,January 2023,,
1970-01-01 00:00:00.000001100,-66.610000,45.920000,2023-01-15 17:00:00,-4.70,FREDERICTON CDA CS,0.0,15.0,3.0,1.0,January,January,January 2023,,
1970-01-01 00:00:00.000001101,-66.610000,45.920000,2023-01-15 18:00:00,-4.30,FREDERICTON CDA CS,0.0,15.0,3.0,1.0,January,January,January 2023,,
1970-01-01 00:00:00.000001102,-66.610000,45.920000,2023-01-15 19:00:00,-4.00,FREDERICTON CDA CS,0.0,15.0,3.0,1.0,January,January,January 2023,,
1970-01-01 00:00:00.000001103,-66.610000,45.920000,2023-01-15 20:00:00,-4.00,FREDERICTON CDA CS,0.0,15.0,3.0,1.0,January,January,January 2023,,
1970-01-01 00:00:00.000001104,-66.610000,45.920000,2023-01-15 21:00:00,-4.00,FREDERICTON CDA CS,0.0,15.0,3.0,1.0,January,January,January 2023,,
1970-01-01 00:00:00.000001105,-66.610000,45.920000,2023-01-15 22:00:00,-3.90,FREDERICTON CDA CS,0.0,15.0,3.0,1.0,January,January,January 2023,,
1970-01-01 00:00:00.000001106,-66.610000,45.920000,2023-01-15 23:00:00,-4.20,FREDERICTON CDA CS,0.0,15.0,3.0,1.0,January,January,January 2023,,
1970-01-01 00:00:00.000001107,-66.610000,45.920000,2023-01-16 00:00:00,-4.40,FREDERICTON CDA CS,0.0,16.0,4.0,1.0,January,January,January 2023,,
1970-01-01 00:00:00.000001108,-66.610000,45.920000,2023-01-16 01:00:00,-4.00,FREDERICTON CDA CS,0.0,16.0,4.0,1.0,January,January,January 2023,,
1970-01-01 00:00:00.000001109,-66.610000,45.920000,2023-01-16 02:00:00,-3.90,FREDERICTON CDA CS,0.0,16.0,4.0,1.0,January,January,January 2023,,
1970-01-01 00:00:00.000001110,-66.610000,45.920000,2023-01-16 03:00:00,-2.70,FREDERICTON CDA CS,0.0,16.0,4.0,1.0,January,January,January 2023,,
1970-01-01 00:00:00.000001111,-66.610000,45.920000,2023-01-16 04:00:00,-2.30,FREDERICTON CDA CS,0.0,16.0,4.0,1.0,January,January,January 2023,,
1970-01-01 00:00:00.000001112,-66.610000,45.920000,2023-01-16 05:00:00,-1.90,FREDERICTON CDA CS,0.0,16.0,4.0,1.0,January,January,January 2023,,
1970-01-01 00:00:00.000001113,-66.610000,45.920000,2023-01-16 06:00:00,-1.40,FREDERICTON CDA CS,0.0,16.0,4.0,1.0,January,January,January 2023,,
1970-01-01 00:00:00.000001114,-66.610000,45.920000,2023-01-16 07:00:00,-1.10,FREDERICTON CDA CS,0.0,16.0,4.0,1.0,January,January,January 2023,,
1970-01-01 00:00:00.000001115,-66.610000,45.920000,2023-01-16 08:00:00,-0.90,FREDERICTON CDA CS,0.0,16.0,4.0,1.0,January,January,January 2023,,
1970-01-01 00:00:00.000001116,-66.610000,45.920000,2023-01-16 09:00:00,-0.90,FREDERICTON CDA CS,0.0,16.0,4.0,1.0,January,January,January 2023,,
1970-01-01 00:00:00.000001117,-66.610000,45.920000,2023-01-16 10:00:00,-0.60,FREDERICTON CDA CS,0.0,16.0,4.0,1.0,January,January,January 2023,,
1970-01-01 00:00:00.000001118,-66.610000,45.920000,2023-01-16 11:00:00,-0.20,FREDERICTON CDA CS,0.0,16.0,4.0,1.0,January,January,January 2023,,
1970-01-01 00:00:00.000001119,-66.610000,45.920000,2023-01-16 12:00:00,0.10,FREDERICTON CDA CS,0.0,16.0,4.0,1.0,January,January,January 2023,,
1970-01-01 00:00:00.000001120,-66.610000,45.920000,2023-01-16 13:00:00,0.10,FREDERICTON CDA CS,0.0,16.0,4.0,1.0,January,January,January 2023,,
1970-01-01 00:00:00.000001121,-66.610000,45.920000,2023-01-16 14:00:00,-0.10,FREDERICTON CDA CS,0.0,16.0,4.0,1.0,January,January,January 2023,,
1970-01-01 00:00:00.000001122,-66.610000,45.920000,2023-01-16 15:00:00,0.00,FREDERICTON CDA CS,0.0,16.0,4.0,1.0,January,January,January 2023,,
1970-01-01 00:00:00.000001123,-66.610000,45.920000,2023-01-16 16:00:00,-0.70,FREDERICTON CDA CS,0.0,16.0,4.0,1.0,January,January,January 2023,,
1970-01-01 00:00:00.000001124,-66.610000,45.920000,2023-01-16 17:00:00,-0.50,FREDERICTON CDA CS,0.0,16.0,4.0,1.0,January,January,January 2023,,
1970-01-01 00:00:00.000001125,-66.610000,45.920000,2023-01-16 18:00:00,-0.40,FREDERICTON CDA CS,0.0,16.0,4.0,1.0,January,January,January 2023,,
1970-01-01 00:00:00.000001126,-66.610000,45.920000,2023-01-16 19:00:00,-0.40,FREDERICTON CDA CS,0.0,16.0,4.0,1.0,January,January,January 2023,,
1970-01-01 00:00:00.000001127,-66.610000,45.920000,2023-01-16 20:00:00,-0.40,FREDERICTON CDA CS,0.0,16.0,4.0,1.0,January,January,January 2023,,
1970-01-01 00:00:00.000001128,-66.610000,45.920000,2023-01-16 21:00:00,-0.70,FREDERICTON CDA CS,0.0,16.0,4.0,1.0,January,January,January 2023,,
1970-01-01 00:00:00.000001129,-66.610000,45.920000,2023-01-16 22:00:00,-0.50,FREDERICTON CDA CS,0.0,16.0,4.0,1.0,January,January,January 2023,,
1970-01-01 00:00:00.000001130,-66.610000,45.920000,2023-01-16 23:00:00,-0.20,FREDERICTON CDA CS,0.0,16.0,4.0,1.0,January,January,January 2023,,
1970-01-01 00:00:00.000001131,-66.610000,45.920000,2023-01-17 00:00:00,0.00,FREDERICTON CDA CS,0.0,17.0,4.0,1.0,January,January,January 2023,,
1970-01-01 00:00:00.000001132,-66.610000,45.920000,2023-01-17 01:00:00,0.00,FREDERICTON CDA CS,0.0,17.0,4.0,1.0,January,January,January 2023,,
1970-01-01 00:00:00.000001133,-66.610000,45.920000,2023-01-17 02:00:00,0.20,FREDERICTON CDA CS,0.0,17.0,4.0,1.0,January,January,January 2023,,
1970-01-01 00:00:00.000001134,-66.610000,45.920000,2023-01-17 03:00:00,0.40,FREDERICTON CDA CS,0.0,17.0,4.0,1.0,January,January,January 2023,,
1970-01-01 00:00:00.000001135,-66.610000,45.920000,2023-01-17 04:00:00,0.60,FREDERICTON CDA CS,0.0,17.0,4.0,1.0,January,January,January 2023,,
1970-01-01 00:00:00.000001136,-66.610000,45.920000,2023-01-17 05:00:00,0.30,FREDERICTON CDA CS,0.0,17.0,4.0,1.0,January,January,January 2023,,
1970-01-01 00:00:00.000001137,-66.610000,45.920000,2023-01-17 06:00:00,0.40,FREDERICTON CDA CS,0.0,17.0,4.0,1.0,January,January,January 2023,,
1970-01-01 00:00:00.000001138,-66.610000,45.920000,2023-01-17 07:00:00,0.20,FREDERICTON CDA CS,0.0,17.0,4.0,1.0,January,January,January 2023,,
1970-01-01 00:00:00.000001139,-66.610000,45.920000,2023-01-17 08:00:00,0.00,FREDERICTON CDA CS,0.0,17.0,4.0,1.0,January,January,January 2023,,
1970-01-01 00:00:00.000001140,-66.610000,45.920000,2023-01-17 09:00:00,-0.30,FREDERICTON CDA CS,0.0,17.0,4.0,1.0,January,January,January 2023,,
1970-01-01 00:00:00.000001141,-66.610000,45.920000,2023-01-17 10:00:00,-0.50,FREDERICTON CDA CS,0.0,17.0,4.0,1.0,January,January,January 2023,,
1970-01-01 00:00:00.000001142,-66.610000,45.920000,2023-01-17 11:00:00,-0.10,FREDERICTON CDA CS,0.0,17.0,4.0,1.0,January,January,January 2023,,
1970-01-01 00:00:00.000001143,-66.610000,45.920000,2023-01-17 12:00:00,-0.40,FREDERICTON CDA CS,0.0,17.0,4.0,1.0,January,January,January 2023,,
1970-01-01 00:00:00.000001144,-66.610000,45.920000,2023-01-17 13:00:00,0.00,FREDERICTON CDA CS,0.0,17.0,4.0,1.0,January,January,January 2023,,
1970-01-01 00:00:00.000001145,-66.610000,45.920000,2023-01-17 14:00:00,0.00,FREDERICTON CDA CS,0.0,17.0,4.0,1.0,January,January,January 2023,,
1970-01-01 00:00:00.000001146,-66.610000,45.920000,2023-01-17 15:00:00,-0.10,FREDERICTON CDA CS,0.0,17.0,4.0,1.0,January,January,January 2023,,
1970-01-01 00:00:00.000001147,-66.610000,45.920000,2023-01-17 16:00:00,-0.20,FREDERICTON CDA CS,0.0,17.0,4.0,1.0,January,January,January 2023,,
1970-01-01 00:00:00.000001148,-66.610000,45.920000,2023-01-17 17:00:00,-0.30,FREDERICTON CDA CS,0.0,17.0,4.0,1.0,January,January,January 2023,,
1970-01-01 00:00:00.000001149,-66.610000,45.920000,2023-01-17 18:00:00,-0.30,FREDERICTON CDA CS,0.0,17.0,4.0,1.0,January,January,January 2023,,
1970-01-01 00:00:00.000001150,-66.610000,45.920000,2023-01-17 19:00:00,-0.30,FREDERICTON CDA CS,0.0,17.0,4.0,1.0,January,January,January 2023,,
1970-01-01 00:00:00.000001151,-66.610000,45.920000,2023-01-17 20:00:00,-0.50,FREDERICTON CDA CS,0.0,17.0,4.0,1.0,January,January,January 2023,,
1970-01-01 00:00:00.000001152,-66.610000,45.920000,2023-01-17 21:00:00,-0.40,FREDERICTON CDA CS,0.0,17.0,4.0,1.0,January,January,January 2023,,
1970-01-01 00:00:00.000001153,-66.610000,45.920000,2023-01-17 22:00:00,-0.40,FREDERICTON CDA CS,0.0,17.0,4.0,1.0,January,January,January 2023,,
1970-01-01 00:00:00.000001154,-66.610000,45.920000,2023-01-17 23:00:00,-0.40,FREDERICTON CDA CS,0.0,17.0,4.0,1.0,January,January,January 2023,,
1970-01-01 00:00:00.000001155,-66.610000,45.920000,2023-01-18 00:00:00,-0.70,FREDERICTON CDA CS,0.0,18.0,4.0,1.0,January,January,January 2023,,
1970-01-01 00:00:00.000001156,-66.610000,45.920000,2023-01-18 01:00:00,-0.30,FREDERICTON CDA CS,0.0,18.0,4.0,1.0,January,January,January 2023,,
1970-01-01 00:00:00.000001157,-66.610000,45.920000,2023-01-18 02:00:00,-0.10,FREDERICTON CDA CS,0.0,18.0,4.0,1.0,January,January,January 2023,,
1970-01-01 00:00:00.000001158,-66.610000,45.920000,2023-01-18 03:00:00,-0.30,FREDERICTON CDA CS,0.0,18.0,4.0,1.0,January,January,January 2023,,
1970-01-01 00:00:00.000001159,-66.610000,45.920000,2023-01-18 04:00:00,-0.50,FREDERICTON CDA CS,0.0,18.0,4.0,1.0,January,January,January 2023,,
1970-01-01 00:00:00.000001160,-66.610000,45.920000,2023-01-18 05:00:00,-0.80,FREDERICTON CDA CS,0.0,18.0,4.0,1.0,January,January,January 2023,,
1970-01-01 00:00:00.000001161,-66.610000,45.920000,2023-01-18 06:00:00,-0.80,FREDERICTON CDA CS,0.0,18.0,4.0,1.0,January,January,January 2023,,
1970-01-01 00:00:00.000001162,-66.610000,45.920000,2023-01-18 07:00:00,-0.60,FREDERICTON CDA CS,0.0,18.0,4.0,1.0,January,January,January 2023,,
1970-01-01 00:00:00.000001163,-66.610000,45.920000,2023-01-18 08:00:00,-0.80,FREDERICTON CDA CS,0.0,18.0,4.0,1.0,January,January,January 2023,,
1970-01-01 00:00:00.000001164,-66.610000,45.920000,2023-01-18 09:00:00,-0.70,FREDERICTON CDA CS,0.0,18.0,4.0,1.0,January,January,January 2023,,
1970-01-01 00:00:00.000001165,-66.610000,45.920000,2023-01-18 10:00:00,-0.80,FREDERICTON CDA CS,0.0,18.0,4.0,1.0,January,January,January 2023,,
1970-01-01 00:00:00.000001166,-66.610000,45.920000,2023-01-18 11:00:00,-1.00,FREDERICTON CDA CS,0.0,18.0,4.0,1.0,January,January,January 2023,,
1970-01-01 00:00:00.000001167,-66.610000,45.920000,2023-01-18 12:00:00,-0.40,FREDERICTON CDA CS,0.0,18.0,4.0,1.0,January,January,January 2023,,
1970-01-01 00:00:00.000001168,-66.610000,45.920000,2023-01-18 13:00:00,-0.50,FREDERICTON CDA CS,0.0,18.0,4.0,1.0,January,January,January 2023,,
1970-01-01 00:00:00.000001169,-66.610000,45.920000,2023-01-18 14:00:00,-0.50,FREDERICTON CDA CS,0.0,18.0,4.0,1.0,January,January,January 2023,,
1970-01-01 00:00:00.000001170,-66.610000,45.920000,2023-01-18 15:00:00,-0.40,FREDERICTON CDA CS,0.0,18.0,4.0,1.0,January,January,January 2023,,
1970-01-01 00:00:00.000001171,-66.610000,45.920000,2023-01-18 16:00:00,-0.60,FREDERICTON CDA CS,0.0,18.0,4.0,1.0,January,January,January 2023,,
1970-01-01 00:00:00.000001172,-66.610000,45.920000,2023-01-18 17:00:00,-0.70,FREDERICTON CDA CS,0.0,18.0,4.0,1.0,January,January,January 2023,,
1970-01-01 00:00:00.000001173,-66.610000,45.920000,2023-01-18 18:00:00,-0.80,FREDERICTON CDA CS,0.0,18.0,4.0,1.0,January,January,January 2023,,
1970-01-01 00:00:00.000001174,-66.610000,45.920000,2023-01-18 19:00:00,-0.60,FREDERICTON CDA CS,0.0,18.0,4.0,1.0,January,January,January 2023,,
1970-01-01 00:00:00.000001175,-66.610000,45.920000,2023-01-18 20:00:00,-0.40,FREDERICTON CDA CS,0.0,18.0,4.0,1.0,January,January,January 2023,,
1970-01-01 00:00:00.000001176,-66.610000,45.920000,2023-01-18 21:00:00,-0.40,FREDERICTON CDA CS,0.0,18.0,4.0,1.0,January,January,January 2023,,
1970-01-01 00:00:00.000001177,-66.610000,45.920000,2023-01-18 22:00:00,-0.50,FREDERICTON CDA CS,0.0,18.0,4.0,1.0,January,January,January 2023,,
1970-01-01 00:00:00.000001178,-66.610000,45.920000,2023-01-18 23:00:00,-0.40,FREDERICTON CDA CS,0.0,18.0,4.0,1.0,January,January,January 2023,,
1970-01-01 00:00:00.000001179,-66.610000,45.920000,2023-01-19 00:00:00,0.30,FREDERICTON CDA CS,0.0,19.0,4.0,1.0,January,January,January 2023,,
1970-01-01 00:00:00.000001180,-66.610000,45.920000,2023-01-19 01:00:00,0.40,FREDERICTON CDA CS,0.0,19.0,4.0,1.0,January,January,January 2023,,
1970-01-01 00:00:00.000001181,-66.610000,45.920000,2023-01-19 02:00:00,0.50,FREDERICTON CDA CS,0.0,19.0,4.0,1.0,January,January,January 2023,,
1970-01-01 00:00:00.000001182,-66.610000,45.920000,2023-01-19 03:00:00,0.60,FREDERICTON CDA CS,0.0,19.0,4.0,1.0,January,January,January 2023,,
1970-01-01 00:00:00.000001183,-66.610000,45.920000,2023-01-19 04:00:00,0.70,FREDERICTON CDA CS,0.0,19.0,4.0,1.0,January,January,January 2023,,
1970-01-01 00:00:00.000001184,-66.610000,45.920000,2023-01-19 05:00:00,0.60,FREDERICTON CDA CS,0.0,19.0,4.0,1.0,January,January,January 2023,,
1970-01-01 00:00:00.000001185,-66.610000,45.920000,2023-01-19 06:00:00,0.40,FREDERICTON CDA CS,0.0,19.0,4.0,1.0,January,January,January 2023,,
1970-01-01 00:00:00.000001186,-66.610000,45.920000,2023-01-19 07:00:00,-0.20,FREDERICTON CDA CS,0.0,19.0,4.0,1.0,January,January,January 2023,,
1970-01-01 00:00:00.000001187,-66.610000,45.920000,2023-01-19 08:00:00,-0.40,FREDERICTON CDA CS,0.0,19.0,4.0,1.0,January,January,January 2023,,
1970-01-01 00:00:00.000001188,-66.610000,45.920000,2023-01-19 09:00:00,-0.50,FREDERICTON CDA CS,0.0,19.0,4.0,1.0,January,January,January 2023,,
1970-01-01 00:00:00.000001189,-66.610000,45.920000,2023-01-19 10:00:00,-0.60,FREDERICTON CDA CS,0.0,19.0,4.0,1.0,January,January,January 2023,,
1970-01-01 00:00:00.000001190,-66.610000,45.920000,2023-01-19 11:00:00,-0.40,FREDERICTON CDA CS,0.0,19.0,4.0,1.0,January,January,January 2023,,
1970-01-01 00:00:00.000001191,-66.610000,45.920000,2023-01-19 12:00:00,-0.40,FREDERICTON CDA CS,0.0,19.0,4.0,1.0,January,January,January 2023,,
1970-01-01 00:00:00.000001192,-66.610000,45.920000,2023-01-19 13:00:00,-0.20,FREDERICTON CDA CS,0.0,19.0,4.0,1.0,January,January,January 2023,,
1970-01-01 00:00:00.000001193,-66.610000,45.920000,2023-01-19 14:00:00,-0.40,FREDERICTON CDA CS,0.0,19.0,4.0,1.0,January,January,January 2023,,
1970-01-01 00:00:00.000001194,-66.610000,45.920000,2023-01-19 15:00:00,-0.40,FREDERICTON CDA CS,0.0,19.0,4.0,1.0,January,January,January 2023,,
1970-01-01 00:00:00.000001195,-66.610000,45.920000,2023-01-19 16:00:00,-0.70,FREDERICTON CDA CS,0.0,19.0,4.0,1.0,January,January,January 2023,,
1970-01-01 00:00:00.000001196,-66.610000,45.920000,2023-01-19 17:00:00,-1.10,FREDERICTON CDA CS,0.0,19.0,4.0,1.0,January,January,January 2023,,
1970-01-01 00:00:00.000001197,-66.610000,45.920000,2023-01-19 18:00:00,-1.20,FREDERICTON CDA CS,0.0,19.0,4.0,1.0,January,January,January 2023,,
1970-01-01 00:00:00.000001198,-66.610000,45.920000,2023-01-19 19:00:00,-1.20,FREDERICTON CDA CS,0.0,19.0,4.0,1.0,January,January,January 2023,,
1970-01-01 00:00:00.000001199,-66.610000,45.920000,2023-01-19 20:00:00,-1.10,FREDERICTON CDA CS,0.0,19.0,4.0,1.0,January,January,January 2023,,
1970-01-01 00:00:00.000001200,-66.610000,45.920000,2023-01-19 21:00:00,-1.40,FREDERICTON CDA CS,0.0,19.0,4.0,1.0,January,January,January 2023,,
1970-01-01 00:00:00.000001201,-66.610000,45.920000,2023-01-19 22:00:00,-1.50,FREDERICTON CDA CS,0.0,19.0,4.0,1.0,January,January,January 2023,,
1970-01-01 00:00:00.000001202,-66.610000,45.920000,2023-01-19 23:00:00,-1.70,FREDERICTON CDA CS,0.0,19.0,4.0,1.0,January,January,January 2023,,
1970-01-01 00:00:00.000001203,-66.610000,45.920000,2023-01-20 00:00:00,-1.90,FREDERICTON CDA CS,0.0,20.0,4.0,1.0,January,January,January 2023,,
2023-01-01 00:00:00.000000000,,,,,,,,,,,,,35.91,2.0
2023-01-01 01:00:00.000000000,,,,,,,,,,,,,41.4,4.0
2023-01-01 02:00:00.000000000,,,,,,,,,,,,,34.989999999999995,2.0
2023-01-01 03:00:00.000000000,,,,,,,,,,,,,29.41,3.0
2023-01-01 04:00:00.000000000,,,,,,,,,,,,,30.21,4.0
2023-01-01 05:00:00.000000000,,,,,,,,,,,,,35.77,3.0
2023-01-01 06:00:00.000000000,,,,,,,,,,,,,27.42,2.0
2023-01-01 07:00:00.000000000,,,,,,,,,,,,,28.43,4.0
2023-01-01 08:00:00.000000000,,,,,,,,,,,,,30.89,0.0
2023-01-01 09:00:00.000000000,,,,,,,,,,,,,25.18,0.0
2023-01-01 10:00:00.000000000,,,,,,,,,,,,,26.93,3.0
2023-01-01 11:00:00.000000000,,,,,,,,,,,,,29.48,4.0
2023-01-01 12:00:00.000000000,,,,,,,,,,,,,32.96,3.0
2023-01-01 13:00:00.000000000,,,,,,,,,,,,,30.64,4.0
2023-01-01 14:00:00.000000000,,,,,,,,,,,,,24.6,3.0
2023-01-01 15:00:00.000000000,,,,,,,,,,,,,18.6,3.0
2023-01-01 16:00:00.000000000,,,,,,,,,,,,,17.62,4.0
2023-01-01 17:00:00.000000000,,,,,,,,,,,,,20.73,0.0
2023-01-01 18:00:00.000000000,,,,,,,,,,,,,26.52,1.0
2023-01-01 19:00:00.000000000,,,,,,,,,,,,,25.58,4.0
2023-01-01 20:00:00.000000000,,,,,,,,,,,,,30.52,1.0
2023-01-01 21:00:00.000000000,,,,,,,,,,,,,32.08,4.0
2023-01-01 22:00:00.000000000,,,,,,,,,,,,,38.32,2.0
2023-01-01 23:00:00.000000000,,,,,,,,,,,,,45.8,0.0
2023-01-02 00:00:00.000000000,,,,,,,,,,,,,52.65,3.0
2023-01-02 01:00:00.000000000,,,,,,,,,,,,,56.19,4.0
2023-01-02 02:00:00.000000000,,,,,,,,,,,,,56.08,3.0
2023-01-02 03:00:00.000000000,,,,,,,,,,,,,54.06,0.0
2023-01-02 04:00:00.000000000,,,,,,,,,,,,,51.16,4.0
2023-01-02 05:00:00.000000000,,,,,,,,,,,,,49.65,1.0
2023-01-02 06:00:00.000000000,,,,,,,,,,,,,54.980000000000004,4.0
2023-01-02 07:00:00.000000000,,,,,,,,,,,,,57.34,1.0
2023-01-02 08:00:00.000000000,,,,,,,,,,,,,56.96,2.0
2023-01-02 09:00:00.000000000,,,,,,,,,,,,,53.04,3.0
2023-01-02 10:00:00.000000000,,,,,,,,,,,,,51.63,1.0
2023-01-02 11:00:00.000000000,,,,,,,,,,,,,55.129999999999995,3.0
2023-01-02 12:00:00.000000000,,,,,,,,,,,,,54.95,4.0
2023-01-02 13:00:00.000000000,,,,,,,,,,,,,48.79,3.0
2023-01-02 14:00:00.000000000,,,,,,,,,,,,,36.6,4.0
2023-01-02 15:00:00.000000000,,,,,,,,,,,,,27.41,3.0
2023-01-02 16:00:00.000000000,,,,,,,,,,,,,18.96,3.0
2023-01-02 17:00:00.000000000,,,,,,,,,,,,,10.6,1.0
2023-01-02 18:00:00.000000000,,,,,,,,,,,,,4.17,4.0
2023-01-02 19:00:00.000000000,,,,,,,,,,,,,0.3,2.0
2023-01-02 20:00:00.000000000,,,,,,,,,,,,,0.0,4.0
2023-01-02 21:00:00.000000000,,,,,,,,,,,,,0.0,2.0
2023-01-02 22:00:00.000000000,,,,,,,,,,,,,0.0,0.0
2023-01-02 23:00:00.000000000,,,,,,,,,,,,,0.0,0.0
2023-01-03 00:00:00.000000000,,,,,,,,,,,,,1.94,4.0
2023-01-03 01:00:00.000000000,,,,,,,,,,,,,6.119999999999999,2.0
2023-01-03 02:00:00.000000000,,,,,,,,,,,,,6.75,4.0
2023-01-03 03:00:00.000000000,,,,,,,,,,,,,0.0,3.0
2023-01-03 04:00:00.000000000,,,,,,,,,,,,,2.6,4.0
2023-01-03 05:00:00.000000000,,,,,,,,,,,,,4.49,4.0
2023-01-03 06:00:00.000000000,,,,,,,,,,,,,10.379999999999999,1.0
2023-01-03 07:00:00.000000000,,,,,,,,,,,,,13.629999999999999,4.0
2023-01-03 08:00:00.000000000,,,,,,,,,,,,,8.21,1.0
2023-01-03 09:00:00.000000000,,,,,,,,,,,,,0.0,1.0
2023-01-03 10:00:00.000000000,,,,,,,,,,,,,0.0,1.0
2023-01-03 11:00:00.000000000,,,,,,,,,,,,,0.0,0.0
2023-01-03 12:00:00.000000000,,,,,,,,,,,,,0.0,3.0
2023-01-03 13:00:00.000000000,,,,,,,,,,,,,0.0,3.0
2023-01-03 14:00:00.000000000,,,,,,,,,,,,,0.0,4.0
2023-01-03 15:00:00.000000000,,,,,,,,,,,,,0.0,3.0
2023-01-03 16:00:00.000000000,,,,,,,,,,,,,0.0,4.0
2023-01-03 17:00:00.000000000,,,,,,,,,,,,,0.0,4.0
2023-01-03 18:00:00.000000000,,,,,,,,,,,,,0.0,3.0
2023-01-03 19:00:00.000000000,,,,,,,,,,,,,0.0,4.0
2023-01-03 20:00:00.000000000,,,,,,,,,,,,,0.0,3.0
2023-01-03 21:00:00.000000000,,,,,,,,,,,,,1.18,4.0
2023-01-03 22:00:00.000000000,,,,,,,,,,,,,13.870000000000001,1.0
2023-01-03 23:00:00.000000000,,,,,,,,,,,,,22.73,2.0
2023-01-04 00:00:00.000000000,,,,,,,,,,,,,29.56,4.0
2023-01-04 01:00:00.000000000,,,,,,,,,,,,,36.589999999999996,0.0
2023-01-04 02:00:00.000000000,,,,,,,,,,,,,42.61,1.0
2023-01-04 03:00:00.000000000,,,,,,,,,,,,,38.26,4.0
2023-01-04 04:00:00.000000000,,,,,,,,,,,,,39.3,1.0
2023-01-04 05:00:00.000000000,,,,,,,,,,,,,42.66,0.0
2023-01-04 06:00:00.000000000,,,,,,,,,,,,,42.69,4.0
2023-01-04 07:00:00.000000000,,,,,,,,,,,,,39.81,0.0
2023-01-04 08:00:00.000000000,,,,,,,,,,,,,32.93,3.0
2023-01-04 09:00:00.000000000,,,,,,,,,,,,,23.45,4.0
2023-01-04 10:00:00.000000000,,,,,,,,,,,,,24.77,3.0
2023-01-04 11:00:00.000000000,,,,,,,,,,,,,26.71,4.0
2023-01-04 12:00:00.000000000,,,,,,,,,,,,,25.43,3.0
2023-01-04 13:00:00.000000000,,,,,,,,,,,,,26.35,3.0
2023-01-04 14:00:00.000000000,,,,,,,,,,,,,25.97,0.0
2023-01-04 15:00:00.000000000,,,,,,,,,,,,,22.130000000000003,4.0
2023-01-04 16:00:00.000000000,,,,,,,,,,,,,18.02,1.0
2023-01-04 17:00:00.000000000,,,,,,,,,,,,,16.06,4.0
2023-01-04 18:00:00.000000000,,,,,,,,,,,,,15.8,1.0
2023-01-04 19:00:00.000000000,,,,,,,,,,,,,16.68,4.0
2023-01-04 20:00:00.000000000,,,,,,,,,,,,,13.47,1.0
2023-01-04 21:00:00.000000000,,,,,,,,,,,,,9.51,4.0
2023-01-04 22:00:00.000000000,,,,,,,,,,,,,14.489999999999998,0.0
2023-01-04 23:00:00.000000000,,,,,,,,,,,,,20.4,2.0
2023-01-05 00:00:00.000000000,,,,,,,,,,,,,24.95,4.0
2023-01-05 01:00:00.000000000,,,,,,,,,,,,,25.42,4.0
2023-01-05 02:00:00.000000000,,,,,,,,,,,,,22.75,4.0
2023-01-05 03:00:00.000000000,,,,,,,,,,,,,16.22,3.0
2023-01-05 04:00:00.000000000,,,,,,,,,,,,,15.870000000000001,4.0
2023-01-05 05:00:00.000000000,,,,,,,,,,,,,16.85,4.0
2023-01-05 06:00:00.000000000,,,,,,,,,,,,,19.65,2.0
2023-01-05 07:00:00.000000000,,,,,,,,,,,,,22.21,2.0
2023-01-05 08:00:00.000000000,,,,,,,,,,,,,20.31,4.0
2023-01-05 09:00:00.000000000,,,,,,,,,,,,,15.23,1.0
2023-01-05 10:00:00.000000000,,,,,,,,,,,,,12.68,4.0
2023-01-05 11:00:00.000000000,,,,,,,,,,,,,9.33,3.0
2023-01-05 12:00:00.000000000,,,,,,,,,,,,,9.940000000000001,4.0
2023-01-05 13:00:00.000000000,,,,,,,,,,,,,13.11,2.0
2023-01-05 14:00:00.000000000,,,,,,,,,,,,,8.09,3.0
2023-01-05 15:00:00.000000000,,,,,,,,,,,,,0.32,4.0
2023-01-05 16:00:00.000000000,,,,,,,,,,,,,0.0,4.0
2023-01-05 17:00:00.000000000,,,,,,,,,,,,,0.0,0.0
2023-01-05 18:00:00.000000000,,,,,,,,,,,,,0.0,4.0
2023-01-05 19:00:00.000000000,,,,,,,,,,,,,0.0,4.0
2023-01-05 20:00:00.000000000,,,,,,,,,,,,,0.0,1.0
2023-01-05 21:00:00.000000000,,,,,,,,,,,,,0.0,3.0
2023-01-05 22:00:00.000000000,,,,,,,,,,,,,0.0,4.0
2023-01-05 23:00:00.000000000,,,,,,,,,,,,,0.0,0.0
2023-01-06 00:00:00.000000000,,,,,,,,,,,,,0.09,3.0
2023-01-06 01:00:00.000000000,,,,,,,,,,,,,1.25,4.0
2023-01-06 02:00:00.000000000,,,,,,,,,,,,,0.18,1.0
2023-01-06 03:00:00.000000000,,,,,,,,,,,,,0.0,4.0
2023-01-06 04:00:00.000000000,,,,,,,,,,,,,0.0,2.0
2023-01-06 05:00:00.000000000,,,,,,,,,,,,,0.0,1.0
2023-01-06 06:00:00.000000000,,,,,,,,,,,,,0.0,4.0
2023-01-06 07:00:00.000000000,,,,,,,,,,,,,0.0,2.0
2023-01-06 08:00:00.000000000,,,,,,,,,,,,,0.0,4.0
2023-01-06 09:00:00.000000000,,,,,,,,,,,,,0.0,2.0
2023-01-06 10:00:00.000000000,,,,,,,,,,,,,0.0,1.0
2023-01-06 11:00:00.000000000,,,,,,,,,,,,,0.0,4.0
2023-01-06 12:00:00.000000000,,,,,,,,,,,,,0.0,3.0
2023-01-06 13:00:00.000000000,,,,,,,,,,,,,0.0,2.0
2023-01-06 14:00:00.000000000,,,,,,,,,,,,,0.0,0.0
2023-01-06 15:00:00.000000000,,,,,,,,,,,,,0.0,3.0
2023-01-06 16:00:00.000000000,,,,,,,,,,,,,0.0,3.0
2023-01-06 17:00:00.000000000,,,,,,,,,,,,,5.83,2.0
2023-01-06 18:00:00.000000000,,,,,,,,,,,,,16.2,3.0
2023-01-06 19:00:00.000000000,,,,,,,,,,,,,20.54,1.0
2023-01-06 20:00:00.000000000,,,,,,,,,,,,,21.91,4.0
2023-01-06 21:00:00.000000000,,,,,,,,,,,,,17.060000000000002,4.0
2023-01-06 22:00:00.000000000,,,,,,,,,,,,,16.880000000000003,1.0
2023-01-06 23:00:00.000000000,,,,,,,,,,,,,21.54,2.0
2023-01-07 00:00:00.000000000,,,,,,,,,,,,,28.009999999999998,4.0
2023-01-07 01:00:00.000000000,,,,,,,,,,,,,32.53,2.0
2023-01-07 02:00:00.000000000,,,,,,,,,,,,,27.32,1.0
2023-01-07 03:00:00.000000000,,,,,,,,,,,,,15.42,4.0
2023-01-07 04:00:00.000000000,,,,,,,,,,,,,10.21,1.0
2023-01-07 05:00:00.000000000,,,,,,,,,,,,,9.67,0.0
2023-01-07 06:00:00.000000000,,,,,,,,,,,,,7.51,4.0
2023-01-07 07:00:00.000000000,,,,,,,,,,,,,6.05,2.0
2023-01-07 08:00:00.000000000,,,,,,,,,,,,,3.37,3.0
2023-01-07 09:00:00.000000000,,,,,,,,,,,,,0.0,4.0
2023-01-07 10:00:00.000000000,,,,,,,,,,,,,0.0,0.0
2023-01-07 11:00:00.000000000,,,,,,,,,,,,,0.0,0.0
2023-01-07 12:00:00.000000000,,,,,,,,,,,,,0.0,4.0
2023-01-07 13:00:00.000000000,,,,,,,,,,,,,0.0,4.0
2023-01-07 14:00:00.000000000,,,,,,,,,,,,,0.0,3.0
2023-01-07 15:00:00.000000000,,,,,,,,,,,,,0.0,3.0
2023-01-07 16:00:00.000000000,,,,,,,,,,,,,0.0,3.0
2023-01-07 17:00:00.000000000,,,,,,,,,,,,,0.0,4.0
2023-01-07 18:00:00.000000000,,,,,,,,,,,,,0.22,3.0
2023-01-07 19:00:00.000000000,,,,,,,,,,,,,1.21,4.0
2023-01-07 20:00:00.000000000,,,,,,,,,,,,,0.28,3.0
2023-01-07 21:00:00.000000000,,,,,,,,,,,,,0.0,4.0
2023-01-07 22:00:00.000000000,,,,,,,,,,,,,0.0,4.0
2023-01-07 23:00:00.000000000,,,,,,,,,,,,,3.5700000000000003,3.0
2023-01-08 00:00:00.000000000,,,,,,,,,,,,,5.9399999999999995,2.0
2023-01-08 01:00:00.000000000,,,,,,,,,,,,,5.21,4.0
2023-01-08 02:00:00.000000000,,,,,,,,,,,,,4.26,1.0
2023-01-08 03:00:00.000000000,,,,,,,,,,,,,3.32,3.0
2023-01-08 04:00:00.000000000,,,,,,,,,,,,,6.46,0.0
2023-01-08 05:00:00.000000000,,,,,,,,,,,,,12.26,3.0
2023-01-08 06:00:00.000000000,,,,,,,,,,,,,20.53,3.0
2023-01-08 07:00:00.000000000,,,,,,,,,,,,,24.21,4.0
2023-01-08 08:00:00.000000000,,,,,,,,,,,,,30.41,0.0
2023-01-08 09:00:00.000000000,,,,,,,,,,,,,26.68,2.0
2023-01-08 10:00:00.000000000,,,,,,,,,,,,,28.05,3.0
2023-01-08 11:00:00.000000000,,,,,,,,,,,,,37.09,4.0
2023-01-08 12:00:00.000000000,,,,,,,,,,,,,37.31,1.0
2023-01-08 13:00:00.000000000,,,,,,,,,,,,,27.42,2.0
2023-01-08 14:00:00.000000000,,,,,,,,,,,,,16.06,3.0
2023-01-08 15:00:00.000000000,,,,,,,,,,,,,5.9399999999999995,1.0
2023-01-08 16:00:00.000000000,,,,,,,,,,,,,0.0,4.0
2023-01-08 17:00:00.000000000,,,,,,,,,,,,,0.0,3.0
2023-01-08 18:00:00.000000000,,,,,,,,,,,,,0.0,4.0
2023-01-08 19:00:00.000000000,,,,,,,,,,,,,0.0,3.0
2023-01-08 20:00:00.000000000,,,,,,,,,,,,,0.0,1.0
2023-01-08 21:00:00.000000000,,,,,,,,,,,,,0.0,4.0
2023-01-08 22:00:00.000000000,,,,,,,,,,,,,9.16,2.0
2023-01-08 23:00:00.000000000,,,,,,,,,,,,,22.58,2.0
2023-01-09 00:00:00.000000000,,,,,,,,,,,,,25.169999999999998,4.0
2023-01-09 01:00:00.000000000,,,,,,,,,,,,,35.06,0.0
2023-01-09 02:00:00.000000000,,,,,,,,,,,,,41.519999999999996,3.0
2023-01-09 03:00:00.000000000,,,,,,,,,,,,,38.690000000000005,4.0
2023-01-09 04:00:00.000000000,,,,,,,,,,,,,35.05,0.0
2023-01-09 05:00:00.000000000,,,,,,,,,,,,,30.02,4.0
2023-01-09 06:00:00.000000000,,,,,,,,,,,,,29.58,4.0
2023-01-09 07:00:00.000000000,,,,,,,,,,,,,31.87,0.0
2023-01-09 08:00:00.000000000,,,,,,,,,,,,,27.169999999999998,1.0
2023-01-09 09:00:00.000000000,,,,,,,,,,,,,17.15,4.0
2023-01-09 10:00:00.000000000,,,,,,,,,,,,,12.94,3.0
2023-01-09 11:00:00.000000000,,,,,,,,,,,,,6.0200000000000005,2.0
2023-01-09 12:00:00.000000000,,,,,,,,,,,,,0.79,4.0
2023-01-09 13:00:00.000000000,,,,,,,,,,,,,0.0,4.0
2023-01-09 14:00:00.000000000,,,,,,,,,,,,,0.0,4.0
2023-01-09 15:00:00.000000000,,,,,,,,,,,,,0.0,1.0
2023-01-09 16:00:00.000000000,,,,,,,,,,,,,0.63,4.0
2023-01-09 17:00:00.000000000,,,,,,,,,,,,,20.009999999999998,4.0
2023-01-09 18:00:00.000000000,,,,,,,,,,,,,30.5,1.0
2023-01-09 19:00:00.000000000,,,,,,,,,,,,,40.25,4.0
2023-01-09 20:00:00.000000000,,,,,,,,,,,,,32.38,4.0
2023-01-09 21:00:00.000000000,,,,,,,,,,,,,23.71,0.0
2023-01-09 22:00:00.000000000,,,,,,,,,,,,,22.4,1.0
2023-01-09 23:00:00.000000000,,,,,,,,,,,,,21.439999999999998,4.0
2023-01-10 00:00:00.000000000,,,,,,,,,,,,,22.97,4.0
2023-01-10 01:00:00.000000000,,,,,,,,,,,,,25.33,4.0
2023-01-10 02:00:00.000000000,,,,,,,,,,,,,24.48,4.0
2023-01-10 03:00:00.000000000,,,,,,,,,,,,,18.18,0.0
2023-01-10 04:00:00.000000000,,,,,,,,,,,,,18.68,2.0
2023-01-10 05:00:00.000000000,,,,,,,,,,,,,23.86,3.0
2023-01-10 06:00:00.000000000,,,,,,,,,,,,,23.97,3.0
2023-01-10 07:00:00.000000000,,,,,,,,,,,,,22.16,3.0
2023-01-10 08:00:00.000000000,,,,,,,,,,,,,17.55,0.0
2023-01-10 09:00:00.000000000,,,,,,,,,,,,,13.03,4.0
2023-01-10 10:00:00.000000000,,,,,,,,,,,,,17.560000000000002,4.0
2023-01-10 11:00:00.000000000,,,,,,,,,,,,,24.98,3.0
2023-01-10 12:00:00.000000000,,,,,,,,,,,,,28.369999999999997,3.0
2023-01-10 13:00:00.000000000,,,,,,,,,,,,,29.490000000000002,4.0
2023-01-10 14:00:00.000000000,,,,,,,,,,,,,25.240000000000002,1.0
2023-01-10 15:00:00.000000000,,,,,,,,,,,,,21.91,4.0
2023-01-10 16:00:00.000000000,,,,,,,,,,,,,22.619999999999997,3.0
2023-01-10 17:00:00.000000000,,,,,,,,,,,,,24.02,0.0
2023-01-10 18:00:00.000000000,,,,,,,,,,,,,26.439999999999998,3.0
2023-01-10 19:00:00.000000000,,,,,,,,,,,,,26.509999999999998,1.0
2023-01-10 20:00:00.000000000,,,,,,,,,,,,,22.6,0.0
2023-01-10 21:00:00.000000000,,,,,,,,,,,,,17.740000000000002,4.0
2023-01-10 22:00:00.000000000,,,,,,,,,,,,,14.629999999999999,2.0
2023-01-10 23:00:00.000000000,,,,,,,,,,,,,10.71,0.0
2023-01-11 00:00:00.000000000,,,,,,,,,,,,,12.61,3.0
2023-01-11 01:00:00.000000000,,,,,,,,,,,,,19.77,4.0
2023-01-11 02:00:00.000000000,,,,,,,,,,,,,17.61,1.0
2023-01-11 03:00:00.000000000,,,,,,,,,,,,,12.41,2.0
2023-01-11 04:00:00.000000000,,,,,,,,,,,,,10.6,3.0
2023-01-11 05:00:00.000000000,,,,,,,,,,,,,11.86,2.0
2023-01-11 06:00:00.000000000,,,,,,,,,,,,,11.87,4.0
2023-01-11 07:00:00.000000000,,,,,,,,,,,,,10.79,2.0
2023-01-11 08:00:00.000000000,,,,,,,,,,,,,9.09,2.0
2023-01-11 09:00:00.000000000,,,,,,,,,,,,,1.71,3.0
2023-01-11 10:00:00.000000000,,,,,,,,,,,,,2.15,3.0
2023-01-11 11:00:00.000000000,,,,,,,,,,,,,11.19,2.0
2023-01-11 12:00:00.000000000,,,,,,,,,,,,,14.879999999999999,3.0
2023-01-11 13:00:00.000000000,,,,,,,,,,,,,22.240000000000002,4.0
2023-01-11 14:00:00.000000000,,,,,,,,,,,,,23.26,2.0
2023-01-11 15:00:00.000000000,,,,,,,,,,,,,13.91,4.0
2023-01-11 16:00:00.000000000,,,,,,,,,,,,,18.76,1.0
2023-01-11 17:00:00.000000000,,,,,,,,,,,,,28.75,3.0
2023-01-11 18:00:00.000000000,,,,,,,,,,,,,30.1,4.0
2023-01-11 19:00:00.000000000,,,,,,,,,,,,,29.9,0.0
2023-01-11 20:00:00.000000000,,,,,,,,,,,,,24.65,0.0
2023-01-11 21:00:00.000000000,,,,,,,,,,,,,15.530000000000001,4.0
2023-01-11 22:00:00.000000000,,,,,,,,,,,,,11.42,2.0
2023-01-11 23:00:00.000000000,,,,,,,,,,,,,9.1,1.0
2023-01-12 00:00:00.000000000,,,,,,,,,,,,,10.08,4.0
2023-01-12 01:00:00.000000000,,,,,,,,,,,,,3.54,2.0
2023-01-12 02:00:00.000000000,,,,,,,,,,,,,0.0,3.0
2023-01-12 03:00:00.000000000,,,,,,,,,,,,,0.0,3.0
2023-01-12 04:00:00.000000000,,,,,,,,,,,,,0.0,2.0
2023-01-12 05:00:00.000000000,,,,,,,,,,,,,0.0,1.0
2023-01-12 06:00:00.000000000,,,,,,,,,,,,,0.0,3.0
2023-01-12 07:00:00.000000000,,,,,,,,,,,,,0.0,3.0
2023-01-12 08:00:00.000000000,,,,,,,,,,,,,0.0,0.0
2023-01-12 09:00:00.000000000,,,,,,,,,,,,,0.0,4.0
2023-01-12 10:00:00.000000000,,,,,,,,,,,,,0.0,3.0
2023-01-12 11:00:00.000000000,,,,,,,,,,,,,0.0,0.0
2023-01-12 12:00:00.000000000,,,,,,,,,,,,,0.0,3.0
2023-01-12 13:00:00.000000000,,,,,,,,,,,,,0.0,2.0
2023-01-12 14:00:00.000000000,,,,,,,,,,,,,1.63,4.0
2023-01-12 15:00:00.000000000,,,,,,,,,,,,,1.65,0.0
2023-01-12 16:00:00.000000000,,,,,,,,,,,,,9.29,3.0
2023-01-12 17:00:00.000000000,,,,,,,,,,,,,19.58,3.0
2023-01-12 18:00:00.000000000,,,,,,,,,,,,,19.21,0.0
2023-01-12 19:00:00.000000000,,,,,,,,,,,,,15.08,4.0
2023-01-12 20:00:00.000000000,,,,,,,,,,,,,6.4399999999999995,4.0
2023-01-12 21:00:00.000000000,,,,,,,,,,,,,2.7,1.0
2023-01-12 22:00:00.000000000,,,,,,,,,,,,,4.47,3.0
2023-01-12 23:00:00.000000000,,,,,,,,,,,,,5.04,4.0
2023-01-13 00:00:00.000000000,,,,,,,,,,,,,4.85,4.0
2023-01-13 01:00:00.000000000,,,,,,,,,,,,,10.09,2.0
2023-01-13 02:00:00.000000000,,,,,,,,,,,,,4.27,3.0
2023-01-13 03:00:00.000000000,,,,,,,,,,,,,0.0,2.0
2023-01-13 04:00:00.000000000,,,,,,,,,,,,,0.0,4.0
2023-01-13 05:00:00.000000000,,,,,,,,,,,,,0.45999999999999996,2.0
2023-01-13 06:00:00.000000000,,,,,,,,,,,,,0.0,1.0
2023-01-13 07:00:00.000000000,,,,,,,,,,,,,0.0,4.0
2023-01-13 08:00:00.000000000,,,,,,,,,,,,,0.0,1.0
2023-01-13 09:00:00.000000000,,,,,,,,,,,,,0.0,3.0
2023-01-13 10:00:00.000000000,,,,,,,,,,,,,0.0,1.0
2023-01-13 11:00:00.000000000,,,,,,,,,,,,,0.0,4.0
2023-01-13 12:00:00.000000000,,,,,,,,,,,,,0.0,1.0
2023-01-13 13:00:00.000000000,,,,,,,,,,,,,0.0,2.0
2023-01-13 14:00:00.000000000,,,,,,,,,,,,,0.0,2.0
2023-01-13 15:00:00.000000000,,,,,,,,,,,,,0.0,1.0
2023-01-13 16:00:00.000000000,,,,,,,,,,,,,0.0,3.0
2023-01-13 17:00:00.000000000,,,,,,,,,,,,,0.0,2.0
2023-01-13 18:00:00.000000000,,,,,,,,,,,,,0.0,4.0
2023-01-13 19:00:00.000000000,,,,,,,,,,,,,0.0,2.0
2023-01-13 20:00:00.000000000,,,,,,,,,,,,,0.0,4.0
2023-01-13 21:00:00.000000000,,,,,,,,,,,,,0.0,3.0
2023-01-13 22:00:00.000000000,,,,,,,,,,,,,0.0,4.0
2023-01-13 23:00:00.000000000,,,,,,,,,,,,,1.82,4.0
2023-01-14 00:00:00.000000000,,,,,,,,,,,,,3.67,3.0
2023-01-14 01:00:00.000000000,,,,,,,,,,,,,4.88,4.0
2023-01-14 02:00:00.000000000,,,,,,,,,,,,,1.19,1.0
2023-01-14 03:00:00.000000000,,,,,,,,,,,,,0.0,4.0
2023-01-14 04:00:00.000000000,,,,,,,,,,,,,0.37,4.0
2023-01-14 05:00:00.000000000,,,,,,,,,,,,,1.9500000000000002,2.0
2023-01-14 06:00:00.000000000,,,,,,,,,,,,,0.33999999999999997,3.0
2023-01-14 07:00:00.000000000,,,,,,,,,,,,,0.0,1.0
2023-01-14 08:00:00.000000000,,,,,,,,,,,,,0.0,0.0
2023-01-14 09:00:00.000000000,,,,,,,,,,,,,0.0,4.0
2023-01-14 10:00:00.000000000,,,,,,,,,,,,,0.0,2.0
2023-01-14 11:00:00.000000000,,,,,,,,,,,,,0.0,1.0
2023-01-14 12:00:00.000000000,,,,,,,,,,,,,0.0,4.0
2023-01-14 13:00:00.000000000,,,,,,,,,,,,,0.0,1.0
2023-01-14 14:00:00.000000000,,,,,,,,,,,,,0.0,0.0
2023-01-14 15:00:00.000000000,,,,,,,,,,,,,0.0,4.0
2023-01-14 16:00:00.000000000,,,,,,,,,,,,,0.0,2.0
2023-01-14 17:00:00.000000000,,,,,,,,,,,,,0.0,0.0
2023-01-14 18:00:00.000000000,,,,,,,,,,,,,0.0,3.0
2023-01-14 19:00:00.000000000,,,,,,,,,,,,,0.0,4.0
2023-01-14 20:00:00.000000000,,,,,,,,,,,,,0.0,1.0
2023-01-14 21:00:00.000000000,,,,,,,,,,,,,0.0,0.0
2023-01-14 22:00:00.000000000,,,,,,,,,,,,,0.0,4.0
2023-01-14 23:00:00.000000000,,,,,,,,,,,,,0.0,0.0
2023-01-15 00:00:00.000000000,,,,,,,,,,,,,0.14,0.0
2023-01-15 01:00:00.000000000,,,,,,,,,,,,,1.18,4.0
2023-01-15 02:00:00.000000000,,,,,,,,,,,,,0.39,2.0
2023-01-15 03:00:00.000000000,,,,,,,,,,,,,0.0,0.0
2023-01-15 04:00:00.000000000,,,,,,,,,,,,,0.0,3.0
2023-01-15 05:00:00.000000000,,,,,,,,,,,,,0.0,1.0
2023-01-15 06:00:00.000000000,,,,,,,,,,,,,0.0,4.0
2023-01-15 07:00:00.000000000,,,,,,,,,,,,,0.0,2.0
2023-01-15 08:00:00.000000000,,,,,,,,,,,,,0.0,0.0
2023-01-15 09:00:00.000000000,,,,,,,,,,,,,0.0,0.0
2023-01-15 10:00:00.000000000,,,,,,,,,,,,,0.0,0.0
2023-01-15 11:00:00.000000000,,,,,,,,,,,,,0.0,0.0
2023-01-15 12:00:00.000000000,,,,,,,,,,,,,0.0,0.0
2023-01-15 13:00:00.000000000,,,,,,,,,,,,,0.0,0.0
2023-01-15 14:00:00.000000000,,,,,,,,,,,,,0.0,0.0
2023-01-15 15:00:00.000000000,,,,,,,,,,,,,0.0,0.0
2023-01-15 16:00:00.000000000,,,,,,,,,,,,,0.0,0.0
2023-01-15 17:00:00.000000000,,,,,,,,,,,,,0.0,0.0
2023-01-15 18:00:00.000000000,,,,,,,,,,,,,0.0,0.0
2023-01-15 19:00:00.000000000,,,,,,,,,,,,,0.0,0.0
2023-01-15 20:00:00.000000000,,,,,,,,,,,,,0.0,0.0
2023-01-15 21:00:00.000000000,,,,,,,,,,,,,0.0,0.0
2023-01-15 22:00:00.000000000,,,,,,,,,,,,,0.0,0.0
2023-01-15 23:00:00.000000000,,,,,,,,,,,,,0.0,0.0
2023-01-16 00:00:00.000000000,,,,,,,,,,,,,0.0,0.0
2023-01-16 01:00:00.000000000,,,,,,,,,,,,,0.0,0.0
2023-01-16 02:00:00.000000000,,,,,,,,,,,,,0.0,0.0
2023-01-16 03:00:00.000000000,,,,,,,,,,,,,0.0,0.0
2023-01-16 04:00:00.000000000,,,,,,,,,,,,,0.0,0.0
2023-01-16 05:00:00.000000000,,,,,,,,,,,,,1.39,0.0
2023-01-16 06:00:00.000000000,,,,,,,,,,,,,6.1,0.0
2023-01-16 07:00:00.000000000,,,,,,,,,,,,,8.86,0.0
2023-01-16 08:00:00.000000000,,,,,,,,,,,,,3.31,0.0
2023-01-16 09:00:00.000000000,,,,,,,,,,,,,0.0,0.0
2023-01-16 10:00:00.000000000,,,,,,,,,,,,,0.0,0.0
2023-01-16 11:00:00.000000000,,,,,,,,,,,,,3.8400000000000003,0.0
2023-01-16 12:00:00.000000000,,,,,,,,,,,,,8.14,0.0
2023-01-16 13:00:00.000000000,,,,,,,,,,,,,12.56,0.0
2023-01-16 14:00:00.000000000,,,,,,,,,,,,,6.2,0.0
2023-01-16 15:00:00.000000000,,,,,,,,,,,,,0.0,0.0
2023-01-16 16:00:00.000000000,,,,,,,,,,,,,0.88,0.0
2023-01-16 17:00:00.000000000,,,,,,,,,,,,,7.17,0.0
2023-01-16 18:00:00.000000000,,,,,,,,,,,,,13.690000000000001,0.0
2023-01-16 19:00:00.000000000,,,,,,,,,,,,,19.2,0.0
2023-01-16 20:00:00.000000000,,,,,,,,,,,,,12.799999999999999,0.0
2023-01-16 21:00:00.000000000,,,,,,,,,,,,,0.72,0.0
2023-01-16 22:00:00.000000000,,,,,,,,,,,,,0.0,0.0
2023-01-16 23:00:00.000000000,,,,,,,,,,,,,1.62,0.0
2023-01-17 00:00:00.000000000,,,,,,,,,,,,,4.14,0.0
2023-01-17 01:00:00.000000000,,,,,,,,,,,,,3.84,0.0
2023-01-17 02:00:00.000000000,,,,,,,,,,,,,1.22,0.0
2023-01-17 03:00:00.000000000,,,,,,,,,,,,,0.0,0.0
2023-01-17 04:00:00.000000000,,,,,,,,,,,,,0.0,0.0
2023-01-17 05:00:00.000000000,,,,,,,,,,,,,0.0,0.0
2023-01-17 06:00:00.000000000,,,,,,,,,,,,,0.0,0.0
2023-01-17 07:00:00.000000000,,,,,,,,,,,,,0.0,0.0
2023-01-17 08:00:00.000000000,,,,,,,,,,,,,0.0,0.0
2023-01-17 09:00:00.000000000,,,,,,,,,,,,,0.0,0.0
2023-01-17 10:00:00.000000000,,,,,,,,,,,,,0.0,0.0
2023-01-17 11:00:00.000000000,,,,,,,,,,,,,0.0,0.0
2023-01-17 12:00:00.000000000,,,,,,,,,,,,,1.26,0.0
2023-01-17 13:00:00.000000000,,,,,,,,,,,,,7.0,0.0
2023-01-17 14:00:00.000000000,,,,,,,,,,,,,7.73,0.0
2023-01-17 15:00:00.000000000,,,,,,,,,,,,,2.75,0.0
2023-01-17 16:00:00.000000000,,,,,,,,,,,,,1.73,0.0
2023-01-17 17:00:00.000000000,,,,,,,,,,,,,2.89,2.0
2023-01-17 18:00:00.000000000,,,,,,,,,,,,,5.21,4.0
2023-01-17 19:00:00.000000000,,,,,,,,,,,,,3.35,4.0
2023-01-17 20:00:00.000000000,,,,,,,,,,,,,0.44,3.0
2023-01-17 21:00:00.000000000,,,,,,,,,,,,,0.0,4.0
2023-01-17 22:00:00.000000000,,,,,,,,,,,,,0.0,4.0
2023-01-17 23:00:00.000000000,,,,,,,,,,,,,0.52,4.0
2023-01-18 00:00:00.000000000,,,,,,,,,,,,,2.85,4.0
2023-01-18 01:00:00.000000000,,,,,,,,,,,,,5.63,3.0
2023-01-18 02:00:00.000000000,,,,,,,,,,,,,1.6199999999999999,4.0
2023-01-18 03:00:00.000000000,,,,,,,,,,,,,0.0,3.0
2023-01-18 04:00:00.000000000,,,,,,,,,,,,,0.0,4.0
2023-01-18 05:00:00.000000000,,,,,,,,,,,,,3.39,4.0
2023-01-18 06:00:00.000000000,,,,,,,,,,,,,7.92,3.0
2023-01-18 07:00:00.000000000,,,,,,,,,,,,,10.67,4.0
2023-01-18 08:00:00.000000000,,,,,,,,,,,,,4.11,4.0
2023-01-18 09:00:00.000000000,,,,,,,,,,,,,0.0,3.0
2023-01-18 10:00:00.000000000,,,,,,,,,,,,,0.0,3.0
2023-01-18 11:00:00.000000000,,,,,,,,,,,,,0.78,0.0
2023-01-18 12:00:00.000000000,,,,,,,,,,,,,4.97,4.0
2023-01-18 13:00:00.000000000,,,,,,,,,,,,,7.39,0.0
2023-01-18 14:00:00.000000000,,,,,,,,,,,,,4.42,1.0
2023-01-18 15:00:00.000000000,,,,,,,,,,,,,4.28,4.0
2023-01-18 16:00:00.000000000,,,,,,,,,,,,,5.16,1.0
2023-01-18 17:00:00.000000000,,,,,,,,,,,,,4.43,2.0
2023-01-18 18:00:00.000000000,,,,,,,,,,,,,5.8,4.0
2023-01-18 19:00:00.000000000,,,,,,,,,,,,,8.36,1.0
2023-01-18 20:00:00.000000000,,,,,,,,,,,,,3.29,4.0
2023-01-18 21:00:00.000000000,,,,,,,,,,,,,0.0,3.0
2023-01-18 22:00:00.000000000,,,,,,,,,,,,,0.0,2.0
2023-01-18 23:00:00.000000000,,,,,,,,,,,,,1.34,4.0
2023-01-19 00:00:00.000000000,,,,,,,,,,,,,2.9299999999999997,3.0
2023-01-19 01:00:00.000000000,,,,,,,,,,,,,4.9399999999999995,0.0
2023-01-19 02:00:00.000000000,,,,,,,,,,,,,4.4,4.0
2023-01-19 03:00:00.000000000,,,,,,,,,,,,,0.13,4.0
2023-01-19 04:00:00.000000000,,,,,,,,,,,,,0.13,1.0
2023-01-19 05:00:00.000000000,,,,,,,,,,,,,5.03,2.0
2023-01-19 06:00:00.000000000,,,,,,,,,,,,,10.81,4.0
2023-01-19 07:00:00.000000000,,,,,,,,,,,,,11.85,1.0
2023-01-19 08:00:00.000000000,,,,,,,,,,,,,2.72,4.0
2023-01-19 09:00:00.000000000,,,,,,,,,,,,,0.0,4.0
2023-01-19 10:00:00.000000000,,,,,,,,,,,,,0.0,1.0
2023-01-19 11:00:00.000000000,,,,,,,,,,,,,2.4899999999999998,0.0
2023-01-19 12:00:00.000000000,,,,,,,,,,,,,7.98,4.0
2023-01-19 13:00:00.000000000,,,,,,,,,,,,,18.4,4.0
2023-01-19 14:00:00.000000000,,,,,,,,,,,,,18.93,3.0
2023-01-19 15:00:00.000000000,,,,,,,,,,,,,8.370000000000001,0.0
2023-01-19 16:00:00.000000000,,,,,,,,,,,,,4.12,4.0
2023-01-19 17:00:00.000000000,,,,,,,,,,,,,11.66,1.0
2023-01-19 18:00:00.000000000,,,,,,,,,,,,,14.87,4.0
2023-01-19 19:00:00.000000000,,,,,,,,,,,,,15.75,2.0
2023-01-19 20:00:00.000000000,,,,,,,,,,,,,5.63,4.0
2023-01-19 21:00:00.000000000,,,,,,,,,,,,,0.0,4.0
2023-01-19 22:00:00.000000000,,,,,,,,,,,,,0.78,2.0
2023-01-19 23:00:00.000000000,,,,,,,,,,,,,7.5,4.0
2023-01-20 00:00:00.000000000,,,,,,,,,,,,,2.54,1.0
